Monitoring_Type,Project_Number,Recorder_Serial__,Sensor_Serial__,Station_ID,Station_Name,T_B__Serial__,Type_of_Recorder,Type_of_Sensor,Type_of_Tipping_Bucket,AssignedTo
GW Level+Rainfall,15004.0,23060288,,000004,EAFB SAN BLAS #107,,Sutron XLink 500,,,Fred Callaway
GW Level+Rainfall,15004.0,,PS-459826,000004,EAFB SAN BLAS #107,,,OTT PLS,,Fred Callaway
GW Level+Rainfall,15004.0,,2013-111,000004,EAFB SAN BLAS #107,,,Hydrological Services TB3,,Fred Callaway
GW Level+WQ,15004.0,534024,,000029,MCCULLOCH #1/S756,,In-Situ Level Troll 500,,,David Stanford
GW Level+Rainfall,15004.0,5465,,000056,NWFWMD-GREEN POINT FLORIDAN,,WaterLog H522+,,,David Stanford
GW Level+Rainfall,15004.0,,205087,000056,NWFWMD-GREEN POINT FLORIDAN,,,Keller Acculevel,,David Stanford
GW Level+Rainfall,15004.0,,11-266,000056,NWFWMD-GREEN POINT FLORIDAN,11-266,,Hydrological Services TB3,Hydrological Services TB3,David Stanford
GW Level+WQ,15004.0,OM-455304,,000070,NWFWMD-PORT ST JOE FLORIDAN,,OTT Orpheus Mini,,,Fred Callaway
GW Level+WQ,15004.0,14C672,,000182,CAMP G JOHNSTON #10,,WaterLog Storm,,,David Stanford
GW Level+WQ,15004.0,,377205,000182,CAMP G JOHNSTON #10,,,OTT PLS,,David Stanford
GW Level+WQ,15004.0,528019,,000342,USGS-LESTER LEWIS/S788,,In-Situ Level Troll 500,,,David Stanford
GW Level+WQ,15004.0,,327733,000342,USGS-LESTER LEWIS/S788,,,In-Situ Aqua Troll 500,,David Stanford
GW Level+WQ,15004.0,378141,,000697,FANNIN AIRPORT/S675,,OTT Orpheus Mini,,,Ian Waters
GW Level+WQ,15004.0,,378141,000697,FANNIN AIRPORT/S675,,,OTT PLS,,Ian Waters
Vel.Ind+Temp+Discharge,16002.0,,R423,000749,WAKULLA SPRING MAIN VENT/S587,,,Sontek Argonaut ADV,,Katie Price
Stage+Vel.Ind+Temp+Discharge,16002.0,2002554,,000774,SALLY WARD SPRING,,Sutron XLink 500,,,Contractor
Stage+Vel.Ind+Temp+Discharge,16002.0,,160649,000774,SALLY WARD SPRING,,,Keller Acculevel,,Contractor
Stage+Vel.Ind+Temp+Discharge,16002.0,,22075,000774,SALLY WARD SPRING,,,RDI ChannelMaster,,Contractor
GW Level,16002.0,678667,,000965,NWFWMD-OTTER CAMP FLORIDAN-SZ/S824,,In-Situ Level Troll 700,,,David Stanford
GW Level,16002.0,545916,,000966,NWFWMD-OTTER CAMP INT. SAND/S823,,OTT Orpheus Mini,,,David Stanford
GW Level,16002.0,528564,,000967,NWFWMD-OTTER CAMP INT. LIMESTONE/S822,,In-Situ Level Troll 500,,,David Stanford
GW Level,16002.0,917776,,000968,NWFWMD-OTTER CAMP SURFICIAL,,In-Situ Level Troll 500,,,David Stanford
GW Level,16002.0,456050,,001204,NWFWMD-BIKE TRAIL / NITRATE POT. MAP,,OTT Orpheus Mini,,,David Stanford
GW Level+Rainfall+WQ,30011.0,1409437,,001382,NWFWMD-WELLER AVE DEEP MPZ/ S835,,Sutron CDMALink,,,David Stanford
GW Level+Rainfall+WQ,30011.0,,407386,001382,NWFWMD-WELLER AVE DEEP MPZ/ S835,,,OTT PLS,,David Stanford
GW Level+Rainfall+WQ,30011.0,,15-289,001382,NWFWMD-WELLER AVE DEEP MPZ/ S835,15-289,,Hydrological Services TB3,Hydrological Services TB3,David Stanford
GW Level,16002.0,456051,,002137,NWFWMD-BRADFORD BROOK DEEP/S793,,OTT Orpheus Mini,,,David Stanford
GW Level,16002.0,8449,,002138,NWFWMD-BRADFORD BROOK SHALLOW,,OTT Ecolog 1000,,,David Stanford
GW Level,16002.0,407609,,002415,TOM BROWN TEST/S791,,OTT Orpheus Mini,,,David Stanford
GW Level+WQ,16002.0,8446,,002624,NWFWMD-BLOUNTSTOWN FLORIDAN,,OTT Ecolog 1000,,,David Stanford
GW Level,16002.0,1906506,,003156,USGS-OLSON RD./S677,,Sutron XLink 500,,,Jacob Kucala
GW Level,16002.0,,2250,003156,USGS-OLSON RD./S677,,,OTT PLS,,Jacob Kucala
GW Level+WQ,16002.0,454910,,003216,USGS-422A NEAR GREENHEAD/Floridan,,OTT Orpheus Mini,,,David Stanford
GW Level+WQ,16002.0,454911,,003217,USGS-422B NEAR GREENHEAD/Surficial,,OTT Orpheus Mini,,,David Stanford
GW Level,15004.0,515591,,003340,NWFWMD-HQ FLORIDAN OBS/S704,,In-Situ Level Troll 500,,,Hari Parasu
GW Level,16002.0,2432,,003402,USGS-LAKE JACKSON FLORIDAN/S705,,WaterLog H500XL,,,Hari Parasu
GW Level,16002.0,,377214,003402,USGS-LAKE JACKSON FLORIDAN/S705,,,OTT PLS,,Hari Parasu
GW Level,16002.0,482714,,003403,USGS-LAKE JACKSON INTERMEDIATE/S706,,In-Situ Level Troll 500,,,Hari Parasu
GW Level,15004.0,OM-455103,,003447,NWFWMD-9 MILE ROAD DEEP/S674,,OTT Orpheus Mini,,,David Stanford
GW Level+Rainfall+WQ,16002.0,1912562,,003718,SWU-FAF #47 MONITOR/S655,,Sutron XLink 500,,,Fred Callaway
GW Level+Rainfall+WQ,16002.0,,910238,003718,SWU-FAF #47 MONITOR/S655,,,In-Situ Level Troll 500,,Fred Callaway
GW Level+Rainfall+WQ,16002.0,,04-27,003718,SWU-FAF #47 MONITOR/S655,04-27,,Hydrological Services TB4,Hydrological Services TB4,Fred Callaway
GW Level,15004.0,373113,,004183,COMPASS LAKE TOWER,,OTT Orpheus Mini,,,Ian Waters
GW Level,15004.0,,454162,004183,COMPASS LAKE TOWER,,,OTT PLS,,Ian Waters
GW Level,16002.0,407608,,004795,INTERNATIONAL PAPER @ CYPRESS,,OTT Orpheus Mini,,,Fred Callaway
GW Level,16002.0,407603,,005226,NWFWMD-BAXTER SAND PIT VISA,,OTT Orpheus Mini,,,Fred Callaway
GW Level,16002.0,354111,,005266,NWFWMD-PITTMAN VISA/S661,,OTT Orpheus Mini,,,Fred Callaway
GW Level,16002.0,407602,,005408,NWFWMD-2 EGG AMBIENT #3,,OTT Orpheus Mini,,,Fred Callaway
GW Level,16002.0,8454,,005671,NWFWMD-HWY 71 NORTH OF MALONE,,OTT Ecolog 1000,,,Fred Callaway
GW Level,16002.0,407606,,005697,DITTY JC-3 (JK-30),,OTT Orpheus Mini,,,Fred Callaway
GW Level,16002.0,454163,,005912,FGS-PINE LOG FOREST,,OTT Orpheus Mini,,,Fred Callaway
GW Level,16002.0,455301,,005950,NWFWMD-TRAPP POND FLORIDAN,,OTT Orpheus Mini,,,Fred Callaway
GW Level,16002.0,454161,,005953,NWFWMD-POWER LINE/S731,,OTT Orpheus Mini,,,Fred Callaway
GW Level,16002.0,398481,,005958,NWFWMD-GEORGE'S 40 FLORIDAN,,OTT Orpheus Mini,,,Fred Callaway
GW Level,16002.0,398483,,005960,NWFWMD-PORTER POND EAST,,OTT Orpheus Mini,,,Fred Callaway
GW Level,16002.0,398485,,005961,NWFWMD-SECTION 20,,OTT Orpheus Mini,,,Fred Callaway
GW Level,16002.0,454153,,007492,NWFWMD-NITRATE #1,,OTT Orpheus Mini,,,David Stanford
GW Level,16002.0,14D863,,007493,NWFWMD-NITRATE #2,,WaterLog Storm,,,David Stanford
GW Level,16002.0,,330479,007493,NWFWMD-NITRATE #2,,,OTT PLS,,David Stanford
GW Level,16002.0,2440,,007495,NWFWMD-NITRATE #4/S782,,WaterLog H500XL,,,David Stanford
GW Level,16002.0,,298833,007495,NWFWMD-NITRATE #4/S782,,,OTT PLS,,David Stanford
GW Level,16002.0,8453,,007498,NWFWMD-NITRATE #5/S796,,OTT Ecolog 1000,,,David Stanford
GW Level,16002.0,,454151,007498,NWFWMD-NITRATE #5/S796,,,OTT PLS,,David Stanford
GW Level,16002.0,354099,,007499,NWFWMD-NITRATE #6/S797,,OTT Orpheus Mini,,,David Stanford
Stage+Discharge,16002.0,23060284,,007736,MUNSON SLOUGH @ OAKRIDGE ROAD,,Sutron XLink 500,,,Jacob Kucala
Stage+Discharge,16002.0,,330489,007736,MUNSON SLOUGH @ OAKRIDGE ROAD,,,OTT PLS,,Jacob Kucala
Stage+Rainfall,,2010356,,007795,AMES SINK/S555,,Sutron XLink 500,,,Jacob Kucala
Stage+Rainfall,,,462534,007795,AMES SINK/S555,,,OTT PLS,,Jacob Kucala
Stage+Rainfall,,,04-231,007795,AMES SINK/S555,04-231,,Hydrological Services TB3,Hydrological Services TB3,Jacob Kucala
Stage+Discharge,16002.0,23060310,,007952,BLACK CREEK @ CR 267,,Sutron XLink 500,,,Contractor
Stage+Discharge,16002.0,,461139,007952,BLACK CREEK @ CR 267,,,OTT PLS,,Contractor
Stage,15011.0,378151,,008096,GARNIER CREEK @ BLUE BARNES RD/S581,,OTT Orpheus Mini,,,Fred Callaway
Stage+Discharge,16002.0,1096885,,008099,ECONFINA CREEK ABOVE GAINER SPRING GROUP,,In-Situ Rugged Baro Troll,,,Contractor
Stage+Discharge,16002.0,1042395,,008099,ECONFINA CREEK ABOVE GAINER SPRING GROUP,,In-Situ Rugged Troll 100,,,Contractor
Stage+Discharge,16002.0,1044366,,008100,ECONFINA CREEK BELOW GAINER SPRING GROUP,,In-Situ Rugged Troll 100,,,Contractor
Stage,15011.0,OM-456049,,008110,BURNT GROCERY CREEK/S580,,OTT Orpheus Mini,,,Fred Callaway
GW Level,16002.0,2437,,008361,RU MONITOR/CEDAR STREET/S672,,WaterLog H500XL,,,Fred Callaway
GW Level,16002.0,,PS-459830,008361,RU MONITOR/CEDAR STREET/S672,,,OTT PLS,,Fred Callaway
GW Level,16002.0,,2013-111,008361,RU MONITOR/CEDAR STREET/S672,2013-111,,Hydrological Services TB3,Hydrological Services TB3,Fred Callaway
GW Level+Rainfall,16002.0,1203638,,008418,WAKULLA CORRECTIONAL INSTITUTE #1/S779,,Sutron 9210,,,David Stanford
GW Level+Rainfall,16002.0,,451090,008418,WAKULLA CORRECTIONAL INSTITUTE #1/S779,,,OTT PLS-C,,David Stanford
GW Level+Rainfall,16002.0,,2013-112,008418,WAKULLA CORRECTIONAL INSTITUTE #1/S779,2013-112,,Hydrological Services TB3,Hydrological Services TB3,David Stanford
Stage,30001.0,23020035,,008434,MUNSON SLOUGH @ CAPITAL CIRCLE,,Sutron XLink 500,,,Hari Parasu
Stage,30001.0,,264704,008434,MUNSON SLOUGH @ CAPITAL CIRCLE,,,Keller Acculevel,,Hari Parasu
Stage,30030.0,1703471,,008449,WEST DRAINAGE DITCH @ US 90,,Sutron CDMALink,,,Jacob Kucala
Stage,30030.0,,462532,008449,WEST DRAINAGE DITCH @ US 90,,,OTT PLS,,Jacob Kucala
Stage,30001.0,1703466,,008459,ALFORD ARM TRIB@MICC,,Sutron CDMALink,,,Jacob Kucala
Stage,30001.0,,1741,008459,ALFORD ARM TRIB@MICC,,,WaterLog H-3311,,Jacob Kucala
Stage,30001.0,21091053,,008460,ALFORD ARM TRIB@BUCK,,Sutron XLink 100,,,Jacob Kucala
Stage,30001.0,,1742,008460,ALFORD ARM TRIB@BUCK,,,WaterLog H-3311,,Jacob Kucala
Stage,30030.0,21091057,,008465,CENTRAL D.D.@ORANGE,,Sutron XLink 100,,,David Stanford
Stage,30030.0,,160662,008465,CENTRAL D.D.@ORANGE,,,Keller Acculevel,,David Stanford
Stage,30030.0,21091058,,008466,WEST DRAINAGE DITCH @ ROBERTS AVE,,Sutron XLink 100,,,Jacob Kucala
Stage,30030.0,,355023,008466,WEST DRAINAGE DITCH @ ROBERTS AVE,,,OTT PLS,,Jacob Kucala
Stage+Rainfall,30030.0,1912558,,008469,LAKE KANTURK OUTFALL,,Sutron XLink 500,,,Hari Parasu
Stage+Rainfall,30030.0,,1107835,008469,LAKE KANTURK OUTFALL,,,KPSI 500,,Hari Parasu
Stage+Rainfall,30030.0,,04-771,008469,LAKE KANTURK OUTFALL,04-771,,Hydrological Services TB3,Hydrological Services TB3,Hari Parasu
Stage,30001.0,21091054,,008471,LAKE LAFAYETTE OUTFALL,,Sutron XLink 100,,,Jacob Kucala
Stage,30001.0,,407376,008471,LAKE LAFAYETTE OUTFALL,,,OTT PLS,,Jacob Kucala
Stage,30030.0,2101059,,008474,NE D.D.@MAHAN DR,,Sutron XLink 100,,,David Stanford
Stage,30030.0,,1107840,008474,NE D.D.@MAHAN DR,,,KPSI 500,,David Stanford
Stage,30030.0,2010361,,008479,PARK AV D.D.@ VIOLET - S100,,Sutron XLink 500,,,David Stanford
Stage,30030.0,,916362,008479,PARK AV D.D.@ VIOLET - S100,,,In-Situ Level Troll 500,,David Stanford
Stage,30030.0,533696,,008481,EAST D.D.@ADAMS ST,,In-Situ Level Troll 500,,,David Stanford
Stage+Rainfall+Discharge,15004.0,2002555,,008484,QUINCY CREEK@SR 267,,Sutron XLink 500,,,Hari Parasu
Stage+Rainfall+Discharge,15004.0,,330484,008484,QUINCY CREEK@SR 267,,,OTT PLS,,Hari Parasu
Stage+Rainfall+Discharge,15004.0,,07-449,008484,QUINCY CREEK@SR 267,07-449,,Hydrological Services TB3,Hydrological Services TB3,Hari Parasu
Stage+Discharge,15004.0,2002542,,008495,TELOGIA CRK @ CR65D,,Sutron XLink 500,,,Hari Parasu
Stage+Discharge,15004.0,,160647,008495,TELOGIA CRK @ CR65D,,,Keller Acculevel,,Hari Parasu
Discontinued: Stage+Rainfall+Discharge,16002.0,1996,,008543,SHOAL RIVER @ US 90,,WaterLog H522+,,,"Katie Price, Steve Costa"
Discontinued: Stage+Rainfall+Discharge,16002.0,,04-472,008543,SHOAL RIVER @ US 90,04-472,,Hydrological Services TB3,Hydrological Services TB3,"Katie Price, Steve Costa"
Stage,16002.0,5H103943,,008544,"DEER PT LK, NR DAM",,WaterLog H522+,,,Fred Callaway
Stage,16002.0,,205086,008544,"DEER PT LK, NR DAM",,,Keller Acculevel,,Fred Callaway
Rainfall,30003.0,2002556,,008545,ECONFINA CREEK @ US 231,,Sutron XLink 500,,,Fred Callaway
Rainfall,30003.0,,07-645,008545,ECONFINA CREEK @ US 231,07-645,,Hydrological Services TB3,Hydrological Services TB3,Fred Callaway
Discontinued: Stage+Rainfall,16002.0,23050147,,008546,YELLOW RIVER @ SR 2,,Sutron XLink 500,,,Fred Callaway
Discontinued: Stage+Rainfall,16002.0,,11-266,008546,YELLOW RIVER @ SR 2,11-266,,Hydrological Services TB3,Hydrological Services TB3,Fred Callaway
Stage+Discharge,30003.0,1666,,008548,ECONFINA CREEK @ SR 20,,WaterLog H522+,,,Fred Callaway
Stage+Discharge,30003.0,,330490,008548,ECONFINA CREEK @ SR 20,,,OTT PLS,,Fred Callaway
Stage+Discharge,30003.0,24060395,,008549,LITTLE BEAR CREEK @ CR 388,,Sutron XLink 500,,,Fred Callaway
Stage+Discharge,30003.0,,355024,008549,LITTLE BEAR CREEK @ CR 388,,,OTT PLS,,Fred Callaway
Stage+Discharge,30003.0,1079915,,008557,ECONFINA CREEK @ SCOTT RD,,In-Situ Rugged Baro Troll,,,Fred Callaway
Stage+Discharge,30003.0,1082836,,008557,ECONFINA CREEK @ SCOTT RD,,In-Situ Rugged Troll 100,,,Fred Callaway
Stage+Discharge,30003.0,917789,,008558,ECONFINA CREEK @ WALSINGHAM BRIDGE,,In-Situ Level Troll 500,,,Fred Callaway
Stage+Rainfall+Discharge,30003.0,3517,,008571,BEAR CREEK @ US 231,,Sutron SatLink 3,,,Fred Callaway
Stage+Rainfall+Discharge,30003.0,,355026,008571,BEAR CREEK @ US 231,,,OTT PLS,,Fred Callaway
Stage+Rainfall+Discharge,30003.0,,06-348,008571,BEAR CREEK @ US 231,06-348,,Hydrological Services TB3,Hydrological Services TB3,Fred Callaway
GW Level,16002.0,454154,,008877,WAKULLA CONDUIT WELL@WEST OF HWY 61,,OTT Orpheus Mini,,,David Stanford
GW Level,15004.0,14C669,,009092,NWFWMD-TRACTOR RD. (C-2) TH-2,,WaterLog Storm,,,David Stanford
GW Level,15004.0,,330488,009092,NWFWMD-TRACTOR RD. (C-2) TH-2,,,OTT PLS,,David Stanford
Stage+Discharge,16002.0,2002541,,009383,FISHER CREEK @ SPRINGHILL RD.,,Sutron XLink 500,,,Contractor
Stage+Discharge,16002.0,,14G101703,009383,FISHER CREEK @ SPRINGHILL RD.,,,WaterLog Pulse Radar,,Contractor
GW Level+WQ,16002.0,378139,,009638,NW BAY CTY - SITE #1 UFA MONITOR/S717,,OTT Orpheus Mini,,,Fred Callaway
GW Level,16002.0,378140,,009745,NW BAY CTY - SITE #1 IAS MONITOR,,OTT Orpheus Mini,,,Fred Callaway
GW Level,16002.0,454915,,009746,NW BAY CTY - SITE #1 SAS MONITOR,,OTT Orpheus Mini,,,Fred Callaway
GW Level,16002.0,916364,,009750,NW BAY CTY - SITE #3 IAS MONITOR,,In-Situ Level Troll 500,,,Fred Callaway
GW Level,15011.0,OM-454914,,009843,FRUS PIEZOMETER #3AR,,OTT Orpheus Mini,,,Fred Callaway
GW Level,16002.0,532336,,009940,NW BAY CTY - SITE #3 SAS MONITOR,,In-Situ Level Troll 500,,,Fred Callaway
GW Level,16002.0,2431,,009941,NW BAY CTY - SITE #3 UFA MONITOR #1/S746,,WaterLog H500XL,,,Fred Callaway
GW Level,16002.0,,PS-461138,009941,NW BAY CTY - SITE #3 UFA MONITOR #1/S746,,,OTT PLS,,Fred Callaway
GW Level,16002.0,,15-270,009941,NW BAY CTY - SITE #3 UFA MONITOR #1/S746,15-270,,Hydrological Services TB3,Hydrological Services TB3,Fred Callaway
Stage+Rainfall,15004.0,24060555,,010134,NEW RIVER AT BURNT BRIDGE ROAD,,Sutron Satlink 3,,,David Stanford
Stage+Rainfall,15004.0,,308036,010134,NEW RIVER AT BURNT BRIDGE ROAD,,,OTT PLS,,David Stanford
Stage+Rainfall,15004.0,,2013-108,010134,NEW RIVER AT BURNT BRIDGE ROAD,2013-108,,Hydrological Services TB3,Hydrological Services TB3,David Stanford
Stage+Rainfall,15004.0,5461,,010164,OCHLOCKONEE RIVER @ US 319,,WaterLog H522+,,,David Stanford
Stage+Rainfall,15004.0,,1108108,010164,OCHLOCKONEE RIVER @ US 319,,,Sutron RLR,,David Stanford
Stage+Rainfall,15004.0,,2013-110,010164,OCHLOCKONEE RIVER @ US 319,2013-110,,Hydrological Services TB3,Hydrological Services TB3,David Stanford
Stage+Rainfall,15004.0,1237,,010197,CHIPOLA RIVER @ SR 71,,WaterLog H522+,,,Fred Callaway
Stage+Rainfall,15004.0,,1108103,010197,CHIPOLA RIVER @ SR 71,,,Sutron RLR,,Fred Callaway
Stage+Rainfall,15004.0,,11-316,010197,CHIPOLA RIVER @ SR 71,11-316,,Hydrological Services TB3,Hydrological Services TB3,Fred Callaway
Stage,15004.0,2406552,,011022,Crooked River @ CR 67,,Sutron Satlink 3,,,David Stanford
Stage,15004.0,,308035,011022,Crooked River @ CR 67,,,OTT PLS,,David Stanford
Stage+Vel.Ind+Temp+Discharge,16002.0,23060286,,011107,MERRITTS MILL POND @ US 90,,Sutron XLink 500,,,
Stage+Vel.Ind+Temp+Discharge,16002.0,,264732,011107,MERRITTS MILL POND @ US 90,,,Keller Acculevel,,
Stage+Vel.Ind+Temp+Discharge,16002.0,,SL240002,011107,MERRITTS MILL POND @ US 90,,,Sontek SL 1500,,
Rainfall,30001.0,1912560,,011284,"Capital Circle, Old Landfill",,Sutron XLink 500,,,Hari Parasu
Rainfall,30001.0,,07-641,011284,"Capital Circle, Old Landfill",07-641,,Hydrological Services TB4,Hydrological Services TB4,Hari Parasu
Rainfall,30001.0,23020029,,011285,"Herron Steel Site, Silver Lake Rd.",,Sutron XLink 500,,,David Stanford
Rainfall,30001.0,,2013-101,011285,"Herron Steel Site, Silver Lake Rd.",2013-101,,Hydrological Services TB4,Hydrological Services TB4,David Stanford
Rainfall,30001.0,23020030,,011288,ABUNDANT LIFE FELLOWSHIP,,Sutron XLink 500,,,Hari Parasu
Rainfall,30001.0,,04_28,011288,ABUNDANT LIFE FELLOWSHIP,04_28,,Hydrological Services TB4,Hydrological Services TB4,Hari Parasu
Stage+Rainfall,30001.0,2202524,,011289,LAKE JACKSON FACILITY AKA 64/606,,Sutron XLink 500,,,Hari Parasu
Stage+Rainfall,30001.0,,1119,011289,LAKE JACKSON FACILITY AKA 64/606,,,WaterLog H-3311,,Hari Parasu
Stage+Rainfall,30001.0,,2013-104,011289,LAKE JACKSON FACILITY AKA 64/606,2013-104,,Hydrological Services TB3,Hydrological Services TB3,Hari Parasu
Rainfall,30001.0,23020031,,011293,"Tuck Property, N. Centerville Rd.",,Sutron XLink 500,,,Hari Parasu
Rainfall,30001.0,,11-265,011293,"Tuck Property, N. Centerville Rd.",11-265,,Hydrological Services TB3,Hydrological Services TB3,Hari Parasu
Rainfall,30001.0,21091055,,011296,City Well @ Limoges Dr.,,Sutron XLink 100,,,Jacob Kucala
Rainfall,30001.0,,04-32,011296,City Well @ Limoges Dr.,04-32,,Hydrological Services TB4,Hydrological Services TB4,Jacob Kucala
Rainfall,30001.0,21091056,,011299,APALACHEE REGIONAL PARK,,Sutron XLink 100,,,Jacob Kucala
Rainfall,30001.0,,04-23,011299,APALACHEE REGIONAL PARK,04-23,,Hydrological Services TB4,Hydrological Services TB4,Jacob Kucala
Rainfall,30001.0,2002546,,011302,San Luis City Park,,Sutron XLink 500,,,David Stanford
Rainfall,30001.0,,06-281,011302,San Luis City Park,06-281,,Hydrological Services TB3,Hydrological Services TB3,David Stanford
Rainfall,30030.0,21091061,,011303,Chowkeebin Nene near Magnolia Dr.,,Sutron XLink 100,,,David Stanford
Rainfall,30030.0,,2013-107,011303,Chowkeebin Nene near Magnolia Dr.,2013-107,,Hydrological Services TB3,Hydrological Services TB3,David Stanford
Rainfall,30030.0,2002549,,011304,"Wembley Way, Eastgate neighborhood",,Sutron XLink 500,,,David Stanford
Rainfall,30030.0,,06-282,011304,"Wembley Way, Eastgate neighborhood",06-282,,Hydrological Services TB3,Hydrological Services TB3,David Stanford
Rainfall,30030.0,21090618,,011306,Forest Meadows City Park,,Sutron XLink 500,,,Hari Parasu
Rainfall,30030.0,,11-264,011306,Forest Meadows City Park,11-264,,Hydrological Services TB3,Hydrological Services TB3,Hari Parasu
Rainfall,15011.0,23060290,,011308,Valparaiso City Hall,,Sutron XLink 500,,,Fred Callaway
Rainfall,15011.0,,04-770,011308,Valparaiso City Hall,04-770,,Hydrological Services TB3,Hydrological Services TB3,Fred Callaway
Rainfall,16002.0,23060287,,011309,River Sink Tower - Rain,,Sutron XLink 500,,,David Stanford
Rainfall,16002.0,,06-349,011309,River Sink Tower - Rain,06-349,,Hydrological Services TB3,Hydrological Services TB3,David Stanford
Rainfall,15004.0,23060311,,011313,District HQ Rain,,Sutron XLink 500,,,Hari Parasu
Rainfall,15004.0,,213-115,011313,District HQ Rain,213-115,,Hydrological Services TB3,Hydrological Services TB3,Hari Parasu
Rainfall,30003.0,23060285,,011314,NWFWMD Econfina Creek Field Office,,Sutron XLink 500,,,Fred Callaway
Rainfall,30003.0,,07-642,011314,NWFWMD Econfina Creek Field Office,07-642,,Hydrological Services TB3,Hydrological Services TB3,Fred Callaway
Rainfall,30002.0,24060554,,011315,"Frank Brown Park, Bay County",,Sutron Satlink 3,,,Ian Waters
Rainfall,30002.0,,2013-105,011315,"Frank Brown Park, Bay County",2013-105,,Hydrological Services TB3,Hydrological Services TB3,Ian Waters
Stage+Rainfall,15004.0,2002282,,011321,Lake Jackson - Miller Landing Road,,Sutron XLink 500,,,Steve Costa
Stage+Rainfall,15004.0,,298832,011321,Lake Jackson - Miller Landing Road,,,OTT PLS,,Steve Costa
Stage+Rainfall,15004.0,,11-262,011321,Lake Jackson - Miller Landing Road,11-262,,Hydrological Services TB3,Hydrological Services TB3,Steve Costa
Rainfall,30001.0,23020032,,011325,Bannerman Road near Thomasville Rd,,Sutron XLink 500,,,Hari Parasu
Rainfall,30001.0,,04-30,011325,Bannerman Road near Thomasville Rd,04-30,,Hydrological Services TB4,Hydrological Services TB4,Hari Parasu
Stage,30030.0,21091060,,011327,NE Drainage Ditch @ Centerville and Blairstone,,Sutron XLink 100,,,David Stanford
Stage,30030.0,,176584,011327,NE Drainage Ditch @ Centerville and Blairstone,,,Keller Acculevel,,David Stanford
Stage,30001.0,1406078,,011328,Lauder Pond near Thomasville/Bannerman Rd,,Sutron CDMALink,,,Hari Parasu
Stage,30001.0,,407390,011328,Lauder Pond near Thomasville/Bannerman Rd,,,OTT PLS,,Hari Parasu
Rainfall,30001.0,13190,,011329,Tallahassee City Hall (City ID# 100),,High Sierra 3208,,,Steve Costa
Rainfall,30001.0,,06-283,011329,Tallahassee City Hall (City ID# 100),06-283,,Hydrological Services TB3,Hydrological Services TB3,Steve Costa
Rainfall,30001.0,13193,,011330,Senior Citizen Center (City ID# 200),,High Sierra 3208,,,Jacob Kucala
Rainfall,30001.0,,04-234,011330,Senior Citizen Center (City ID# 200),04-234,,Hydrological Services TB3,Hydrological Services TB3,Jacob Kucala
Rainfall,30001.0,13191,,011331,Streets and Drainage (City ID# 300),,High Sierra 3208,,,Jacob Kucala
Rainfall,30001.0,,06-279,011331,Streets and Drainage (City ID# 300),06-279,,Hydrological Services TB3,Hydrological Services TB3,Jacob Kucala
Rainfall,30001.0,13192,,011332,Hilaman Golf Course (City ID# 400),,High Sierra 3208,,,Jacob Kucala
Rainfall,30001.0,,11-267,011332,Hilaman Golf Course (City ID# 400),11-267,,Hydrological Services TB3,Hydrological Services TB3,Jacob Kucala
Rainfall,30001.0,13159,,011333,Jake Gaither Golf Course (City ID# 500),,High Sierra 3208,,,Jacob Kucala
Rainfall,30001.0,,15-268,011333,Jake Gaither Golf Course (City ID# 500),15-268,,Hydrological Services TB3,Hydrological Services TB3,Jacob Kucala
Rainfall,30001.0,16022,,011334,Southwood Golf Course (City ID# 600),,High Sierra 3208,,,Jacob Kucala
Rainfall,30001.0,,11-263,011334,Southwood Golf Course (City ID# 600),11-263,,Hydrological Services TB3,Hydrological Services TB3,Jacob Kucala
Stage,30001.0,2002553,,011335,Central Drainage Ditch @ Lake Bradford Road,,Sutron XLink 500,,,David Stanford
Stage,30001.0,,584096,011335,Central Drainage Ditch @ Lake Bradford Road,,,In-Situ Level Troll 500,,David Stanford
Stage,30001.0,1865,,011336,Regional Stormwater Facility - City of Tallahassee,,WaterLog H500XL,,,David Stanford
Stage,30001.0,,205088,011336,Regional Stormwater Facility - City of Tallahassee,,,Keller Acculevel,,David Stanford
Stage,30001.0,1406074,,011342,Southwood SW Pond SB111B,,Sutron CDMALink,,,Jacob Kucala
Stage,30001.0,,205092,011342,Southwood SW Pond SB111B,,,Keller Acculevel,,Jacob Kucala
Rainfall,15004.0,5466,,011346,THSF Recreation Area,,WaterLog H522+,,,David Stanford
Rainfall,15004.0,,06-402,011346,THSF Recreation Area,06-402,,Hydrological Services TB3,Hydrological Services TB3,David Stanford
Stage+Rainfall+Cond+Temp,16002.0,1811404,,011352,St. Marks River @ San Marcos de Apalachee S.P.,,Sutron SatLink 3,,,Jacob Kucala
Stage+Rainfall+Cond+Temp,16002.0,,451399,011352,St. Marks River @ San Marcos de Apalachee S.P.,,,OTT PLS-C,,Jacob Kucala
Stage+Rainfall+Cond+Temp,16002.0,,07-644,011352,St. Marks River @ San Marcos de Apalachee S.P.,07-644,,Hydrological Services TB3,Hydrological Services TB3,Jacob Kucala
Stage,15004.0,5470,,011355,Lake Miccosukee @ US90 Outfall,,WaterLog H522+,,,Jacob Kucala
Stage,15004.0,,316969,011355,Lake Miccosukee @ US90 Outfall,,,OTT PLS,,Jacob Kucala
Stage+Rainfall,30001.0,21091051,,011359,Still Creek at Capitola Rd,,Sutron XLink 100,,,Jacob Kucala
Stage+Rainfall,30001.0,,152187,011359,Still Creek at Capitola Rd,,,Keller Acculevel,,Jacob Kucala
Stage+Rainfall,30001.0,,2013-106,011359,Still Creek at Capitola Rd,2013-106,,Hydrological Services TB3,Hydrological Services TB3,Jacob Kucala
Rainfall,30001.0,23020033,,011369,Forest Service Work Center - Bloxham Cutoff,,Sutron XLink 500,,,Hari Parasu
Rainfall,30001.0,,15-266,011369,Forest Service Work Center - Bloxham Cutoff,15-266,,Hydrological Services TB3,Hydrological Services TB3,Hari Parasu
Rainfall,30001.0,23020034,,011370,Military Trail near Natural Bridge Rd.,,Sutron XLink 500,,,David Stanford
Rainfall,30001.0,,11-317,011370,Military Trail near Natural Bridge Rd.,11-317,,Hydrological Services TB3,Hydrological Services TB3,David Stanford
Stage+Rainfall,30001.0,2010360,,011373,Lake Iamonia Outfall at Meridian Rd,,Sutron XLink 500,,,Hari Parasu
Stage+Rainfall,30001.0,,205103,011373,Lake Iamonia Outfall at Meridian Rd,,,Keller Acculevel,,Hari Parasu
Stage+Rainfall,30001.0,,07-67,011373,Lake Iamonia Outfall at Meridian Rd,07-67,,Hydrological Services TB4,Hydrological Services TB4,Hari Parasu
Stage,30030.0,1912559,,011956,LEON HIGH SCHOOL STORMWATER INLET,,Sutron XLink 500,,,David Stanford
Stage,30030.0,,462533,011956,LEON HIGH SCHOOL STORMWATER INLET,,,OTT PLS,,David Stanford
GW Level,15004.0,OM-455303,,011993,NWFWMD-EASTPOINT #3 SHALLOW MW,,OTT Orpheus Mini,,,David Stanford
GW Level,15004.0,534169,,011994,NWFWMD-EASTPOINT #4 SHALLOW MW,,In-Situ Level Troll 500,,,David Stanford
Stage,30001.0,2010354,,012082,LAKE BRADFORD,,Sutron XLink 500,,,Hari Parasu
Stage,30001.0,,407387,012082,LAKE BRADFORD,,,OTT PLS,,Hari Parasu
Rainfall,30001.0,21091050,,012149,MICCOSUKEE PARK,,Sutron XLink 100,,,Jacob Kucala
Rainfall,30001.0,,07-447,012149,MICCOSUKEE PARK,07-447,,Hydrological Services TB3,Hydrological Services TB3,Jacob Kucala
Rainfall,30002.0,23060292,,012150,BAY COUNTY FACILITY - MAJETTE TOWER RD,,Sutron XLink 500,,,Ian Waters
Rainfall,30002.0,,07-643,012150,BAY COUNTY FACILITY - MAJETTE TOWER RD,,,Hydrological Services TB3,,Ian Waters
Stage+Rainfall,15004.0,5473,,012322,SEARCY CREEK @ WHITE CITY,,WaterLog H522+,,,Fred Callaway
Stage+Rainfall,15004.0,,PS-459829,012322,SEARCY CREEK @ WHITE CITY,,,OTT PLS,,Fred Callaway
Stage+Rainfall,15004.0,,07-446,012322,SEARCY CREEK @ WHITE CITY,07-446,,Hydrological Services TB3,Hydrological Services TB3,Fred Callaway
Stage+Rainfall,15004.0,5472,,012342,CHIPOLA RIVER @ LANDS LANDING,,WaterLog H522+,,,Fred Callaway
Stage+Rainfall,15004.0,,PS5-002245,012342,CHIPOLA RIVER @ LANDS LANDING,,,OTT PLS,,Fred Callaway
Stage+Rainfall,15004.0,,11-318,012342,CHIPOLA RIVER @ LANDS LANDING,11-318,,Hydrological Services TB3,Hydrological Services TB3,Fred Callaway
Stage+Rainfall,15004.0,24060553,,012358,LAKE IAMONIA EAST,,Sutron Satlink3,,,Steve Costa
Stage+Rainfall,15004.0,,205094,012358,LAKE IAMONIA EAST,,,Keller Acculevel,,Steve Costa
Stage+Rainfall,15004.0,,01-774,012358,LAKE IAMONIA EAST,01-774,,Hydrological Services TB3,Hydrological Services TB3,Steve Costa
GW Level,16002.0,533969,,012459,FGS - SULLIVAN SINK #1,,In-Situ Level Troll 500,,,David Stanford
Stage,30001.0,21090620,,012463,LAKE MUNSON OUTFALL,,Sutron XLink 500,,,Jacob Kucala
Stage,30001.0,,206605,012463,LAKE MUNSON OUTFALL,,,Keller Acculevel,,Jacob Kucala
Stage,30030.0,2002547,,012547,LAKE KINSALE OUTFALL,,Sutron XLink 500,,,Hari Parasu
Stage,30030.0,,160661,012547,LAKE KINSALE OUTFALL,,,Keller Acculevel,,Hari Parasu
Stage,30030.0,2002550,,012548,LAKE KILLARNY AT MCLAUGHLIN DRIVE,,Sutron XLink 500,,,Hari Parasu
Stage,30030.0,,330482,012548,LAKE KILLARNY AT MCLAUGHLIN DRIVE,,,OTT PLS,,Hari Parasu
Stage,30030.0,21091049,,012549,LAKE KANTURK AT CLIFDEN DR,,Sutron XLink 100,,,Hari Parasu
Stage,30030.0,,462535,012549,LAKE KANTURK AT CLIFDEN DR,,,OTT PLS,,Hari Parasu
GW Level,16002.0,456052,,012682,NWFWMD GW-2F-LZ (FT BRADEN)/S802,,OTT Orpheus Mini,,,David Stanford
GW Level,16002.0,8448,,012683,NWFWMD GW-3F-LZ (ANF FR-305),,OTT Ecolog 1000,,,David Stanford
GW Level,16002.0,354107,,012684,NWFWMD GW-4F-UZ (HWY27 DOT),,OTT Orpheus Mini,,,David Stanford
GW Level,16002.0,354118,,012685,NWFWMD GW-5F (LEON CTY VFD)/S814,,OTT Orpheus Mini,,,David Stanford
GW Level,16002.0,378156,,012686,NWFWMD GW-6F (MICC GREENWAY),,OTT Orpheus Mini,,,David Stanford
GW Level,16002.0,454918,,012687,NWFWMD GW-7F (LEON CR-59)/S818,,OTT Orpheus Mini,,,Jacob Kucala
GW Level,16002.0,354104,,012688,NWFWMD GW-5S (LEON CTY VFD),,OTT Orpheus Mini,,,David Stanford
GW Level,16002.0,535193,,012689,NWFWMD GW-7S (LEON CR-59),,In-Situ Level Troll 500,,,Jacob Kucala
GW Level,16002.0,354110,,012690,NWFWMD GW-4F-LZ (HWY27 DOT)/S812,,OTT Orpheus Mini,,,David Stanford
GW Level,16002.0,354106,,012691,NWFWMD GW-12F (RIVERSPRINGS MS),,OTT Orpheus Mini,,,David Stanford
Stage+Rainfall,15004.0,24030056,,012697,NORTH BAY TIDE @ CAUSEWAY,,Sutron SatLink 3,,,Fred Callaway
Stage+Rainfall,15004.0,,PS5-002253,012697,NORTH BAY TIDE @ CAUSEWAY,,,OTT PLS,,Fred Callaway
Stage+Rainfall,15004.0,,2013-103,012697,NORTH BAY TIDE @ CAUSEWAY,2013-103,,Hydrological Services TB3,Hydrological Services TB3,Fred Callaway
GW Level,16002.0,407599,,012709,NWFWMD GW-2S (FT BRADEN)/S805,,OTT Orpheus Mini,,,David Stanford
GW Level,16002.0,354105,,012710,NWFWMD GW-6S (MICC GREENWAY),,OTT Orpheus Mini,,,David Stanford
GW Level,16002.0,531877,,012723,NWFWMD-OTTER CAMP FLORIDAN-LZ/S825,,In-Situ Level Troll 500,,,David Stanford
GW Level,16002.0,456052,,012724,NWFWMD GW-2F-UZ (FT BRADEN)/S826,,OTT Orpheus Mini,,,David Stanford
GW Level,16002.0,354112,,012725,NWFWMD GW-3F-UZ (ANF FR-305),,OTT Orpheus Mini,,,David Stanford
GW Level,16002.0,675871,,012726,NWFWMD GW-3S (ANF FR-305),,In-Situ Level Troll 500,,,David Stanford
Rainfall,30001.0,21090619,,012728,FT BRADEN RAINFALL 827,,Sutron XLink 500,,,David Stanford
Rainfall,30001.0,,07-641,012728,FT BRADEN RAINFALL 827,07-641,,Hydrological Services TB3,Hydrological Services TB3,David Stanford
Stage,30030.0,1406705,,012739,EAST DRAINAGE DITCH AT NANCY DR - COT,,Sutron CDMALink,,,David Stanford
Stage,30030.0,,330491,012739,EAST DRAINAGE DITCH AT NANCY DR - COT,,,OTT PLS,,David Stanford
Stage,30030.0,8451,,012740,EAST DRAINAGE DITCH AT TEXAS ST - COT,,OTT Ecolog 1000,,,David Stanford
Stage,30030.0,1406707,,012741,EAST DRAINAGE DITCH AT ORANGE AVE - COT,,Sutron CDMALink,,,David Stanford
Stage,30030.0,,371697,012741,EAST DRAINAGE DITCH AT ORANGE AVE - COT,,,OTT PLS,,David Stanford
Stage,16002.0,24040376,,012744,SPRING CREEK @ SPRING CREEK PARK,,Sutron XLink 500,,,
Stage,16002.0,,264711,012744,SPRING CREEK @ SPRING CREEK PARK,,,Keller Acculevel,,
GW Level,16002.0,407607,,012768,JACKSON BLUE #1 - CLAIBORNE,,OTT Orpheus Mini,,,Fred Callaway
GW Level,16002.0,407605,,012769,JACKSON BLUE #2 - FLORIDAN,,OTT Orpheus Mini,,,Fred Callaway
GW Level+Cond+Temp,16002.0,201043,,012796,NWFWMD-ST. MARKS NWR FAS MONITOR-68m,,Keller CTD,,,Jacob Kucala
GW Level,16002.0,407604,,012797,CYPRESS PARK #1 - FLORIDAN,,OTT Orpheus Mini,,,Fred Callaway
GW Level,16002.0,407601,,012798,CYPRESS PARK #2 - SURFICIAL,,OTT Orpheus Mini,,,Fred Callaway
GW Level+WQ,16002.0,678740,,012811,NWFWMD A-4 (LWR UFA MONITOR),,In-Situ Level Troll 500,,,Fred Callaway
GW Level+WQ,16002.0,917772,,012812,NWFWMD A-4A (UPPER UFA MONITOR),,In-Situ Level Troll 500,,,Fred Callaway
GW Level+WQ,16002.0,515865,,012813,NWFWMD A-4B (SURFICIAL MONITOR),,In-Situ Level Troll 500,,,Fred Callaway
Rainfall,16002.0,1409439,,012817,PITTMAN RAINFALL - JS5,,Sutron CDMALink,,,Fred Callaway
Rainfall,16002.0,,2013-113,012817,PITTMAN RAINFALL - JS5,2013-113,,Hydrological Services TB3,Hydrological Services TB3,Fred Callaway
Rainfall,16002.0,1201285,,012818,JOHNNY WILLIAMS MEMORIAL PARK RAINFALL,,Sutron 9210,,,Fred Callaway
Rainfall,16002.0,,04-233,012818,JOHNNY WILLIAMS MEMORIAL PARK RAINFALL,04-233,,Hydrological Services TB3,Hydrological Services TB3,Fred Callaway
Rainfall,16002.0,1406700,,012819,CYPRESS PARK RAINFALL,,Sutron CDMALink,,,Fred Callaway
Rainfall,16002.0,,2013-098,012819,CYPRESS PARK RAINFALL,2013-098,,Hydrological Services TB3,Hydrological Services TB3,Fred Callaway
GW Level+WQ,16002.0,OM-454917,,012838,NWFWMD A-3 (LWR UFA MONITOR),,OTT Orpheus Mini,,,Fred Callaway
GW Level+WQ,16002.0,515795,,012839,NWFWMD A-3B (SURFICIAL MONITOR),,In-Situ Level Troll 500,,,Fred Callaway
GW Level+WQ,16002.0,378146,,012840,NWFWMD A-2 (LWR UFA MONITOR),,OTT Orpheus Mini,,,Fred Callaway
GW Level+WQ,16002.0,514784,,012841,NWFWMD A-2B (SURFICIAL MONITOR),,In-Situ Level Troll 500,,,Fred Callaway
Stage+Rainfall,30002.0,2008313,,012843,POWELL LAKE - CAMP HELEN,,Sutron XLink 500,,,Ian Waters
Stage+Rainfall,30002.0,,835770,012843,POWELL LAKE - CAMP HELEN,,,In-Situ Level Troll 500,,Ian Waters
Stage+Rainfall,30002.0,,2013-100,012843,POWELL LAKE - CAMP HELEN,2013-100,,Hydrological Services TB3,Hydrological Services TB3,Ian Waters
GW Level,16002.0,8452,,012847,CHIPOLA WMA #1,,OTT Ecolog 1000,,,Fred Callaway
GW Level+WQ,16002.0,454158,,012848,NWFWMD B-2 (UPPER FLD MONITOR),,OTT Orpheus Mini,,,Fred Callaway
Stage+Vel.Ind+Temp+Discharge,16002.0,2002548,,012899,ST. MARKS RIVER - UPPER DISCHARGE BEFORE SWALLET,,Sutron XLink 500,,,Contractor
Stage+Vel.Ind+Temp+Discharge,16002.0,,188967,012899,ST. MARKS RIVER - UPPER DISCHARGE BEFORE SWALLET,,,Keller Acculevel,,Contractor
Stage+Vel.Ind+Temp+Discharge,16002.0,,SL1833005,012899,ST. MARKS RIVER - UPPER DISCHARGE BEFORE SWALLET,,,Sontek SL 1500,,Contractor
GW Level,16002.0,454160,,012910,NWFWMD SR-1D,,OTT Orpheus Mini,,,Fred Callaway
GW Level,16002.0,454159,,012911,NWFWMD SR-1S,,OTT Orpheus Mini,,,Fred Callaway
GW Level,16002.0,454156,,012912,NWFWMD SR-2D,,OTT Orpheus Mini,,,Fred Callaway
GW Level,16002.0,OM-454909,,012913,NWFWMD SR-3D,,OTT Orpheus Mini,,,Fred Callaway
GW Level,16002.0,OM-454908,,012914,NWFWMD SR-3S,,OTT Orpheus Mini,,,Fred Callaway
GW Level,16002.0,454157,,012915,NWFWMD SR-4D,,OTT Orpheus Mini,,,Fred Callaway
GW Level,16002.0,454152,,012916,NWFWMD SR-5D,,OTT Orpheus Mini,,,Fred Callaway
GW Level+Cond+Temp,16002.0,201044,,012949,NWFWMD-ST. MARKS NWR FAS MONITOR-77m,,Keller CTD,,,Jacob Kucala
Stage,15004.0,2002557,,012951,Piney Lake - Washington Co,,Sutron XLink 500,,,Fred Callaway
Stage,15004.0,,909263,012951,Piney Lake - Washington Co,,,In-Situ Level Troll 500,,Fred Callaway
Stage+Rainfall,15004.0,1912561,,012957,Cox Pond - Washington County,,Sutron XLink 500,,,Fred Callaway
Stage+Rainfall,15004.0,,377213,012957,Cox Pond - Washington County,,,OTT PLS,,Fred Callaway
Stage+Rainfall,15004.0,,04-776,012957,Cox Pond - Washington County,04-776,,Hydrological Services TB3,Hydrological Services TB3,Fred Callaway
GW Level+Rainfall,15004.0,666,,222222,test 8557,,Sutron Xlink 500,,,Katie Price
GW Level+Rainfall,15004.0,,123456,222222,test 8557,,,In-Situ Level Troll 500,,Katie Price
GW Level+Rainfall,15004.0,,123123,222222,test 8557,123123,,Hydrological Services TB3,Hydrological Services TB3,Katie Price
GW Level+Rainfall,15004.0,,349004500954DF4,222222,test 8557,349004500954DF4,,Ott PLS,Ott PLS,Katie Price
