Identifier,AttachmentType,AttachmentCategory,FileName,UniqueId,DateCreated,DateUploaded,UploadedByUser,Comment,Url,Tags,Tags_0_UniqueId,Tags_0_Key,Tags_1_UniqueId,Tags_1_Key,DateLastAccessed,GpsLatitude,GpsLongitude,Tags_2_UniqueId,Tags_2_Key,Tags_3_UniqueId,Tags_3_Key,Tags_4_UniqueId,Tags_4_Key,Tags_5_UniqueId,Tags_5_Key,Tags_6_UniqueId,Tags_6_Key,FullUrl
012690,Image,LocationPhoto,012690_SITE.jpg,a9d48ace8203484a9893835f3fff61b7,2023-12-04T15:59:21.3370000+00:00,2023-12-04T16:01:12.9129079+00:00,c_freeman,,../../apps/v1/attachments/88vcrrtow4ntrkloe4m4b3rc7/download,,3155565e97f04240872d1e58e8582c78,Site Photo,,,2023-12-06T02:30:00.1445160+00:00,,,,,,,,,,,,,https://nwfwmd.aquaticinformatics.net/AQUARIUS/apps/v1/attachments/88vcrrtow4ntrkloe4m4b3rc7/download
012690,Image,LocationPhoto,012690_SITE2.jpg,478c2af8c0d242e9a41233a731d25402,2023-12-04T15:59:01.6330000+00:00,2023-12-04T16:00:10.6783381+00:00,c_freeman,,../../apps/v1/attachments/5cl0cu8rx47bwid0xoza52qxv/download,,3155565e97f04240872d1e58e8582c78,Site Photo,,,2023-12-06T02:30:02.5478338+00:00,,,,,,,,,,,,,https://nwfwmd.aquaticinformatics.net/AQUARIUS/apps/v1/attachments/5cl0cu8rx47bwid0xoza52qxv/download
002912,Image,LocationPhoto,002912_20230321_SITE5.jpg,057b9a9c716f40e2b0660535a3769abc,2023-07-18T19:11:06.9970000+00:00,2023-07-18T20:51:59.4980131+00:00,k_price,,../../apps/v1/attachments/5wg7auinx6tf3wj6w6bfhetdj/download,,3155565e97f04240872d1e58e8582c78,Site Photo,,,2023-12-06T02:31:54.8690691+00:00,,,,,,,,,,,,,https://nwfwmd.aquaticinformatics.net/AQUARIUS/apps/v1/attachments/5wg7auinx6tf3wj6w6bfhetdj/download
002912,Image,None,002912_20230321_SITE4.jpg,91b0c3737fab4a5589092d96b1fc9a6a,2023-07-18T19:11:06.9480000+00:00,2023-07-18T20:51:59.3181979+00:00,k_price,,../../apps/v1/attachments/a11k112i44ty4fl63j45p66rb/download,,3155565e97f04240872d1e58e8582c78,Site Photo,,,2023-12-06T02:31:56.8183467+00:00,,,,,,,,,,,,,https://nwfwmd.aquaticinformatics.net/AQUARIUS/apps/v1/attachments/a11k112i44ty4fl63j45p66rb/download
002912,Image,LocationPhoto,002912_20230321_SITE3.jpg,d6d00ac529964df3a5997aa8c1a2fe12,2023-07-18T19:11:06.9000000+00:00,2023-07-18T20:51:58.5760018+00:00,k_price,,../../apps/v1/attachments/7b63269lhri7taxk3we1f25o0/download,,3155565e97f04240872d1e58e8582c78,Site Photo,,,2023-12-06T02:31:58.6798567+00:00,,,,,,,,,,,,,https://nwfwmd.aquaticinformatics.net/AQUARIUS/apps/v1/attachments/7b63269lhri7taxk3we1f25o0/download
002912,Image,None,002912_20230321_SITE.jpg,48726fdb47f14fc99e7183ead7d70f64,2023-07-18T19:11:06.6930000+00:00,2023-07-18T20:51:57.5097250+00:00,k_price,,../../apps/v1/attachments/9772w58e6ekilz4b5wc9hq8ek/download,,3155565e97f04240872d1e58e8582c78,Site Photo,,,2023-12-06T02:32:01.1696804+00:00,,,,,,,,,,,,,https://nwfwmd.aquaticinformatics.net/AQUARIUS/apps/v1/attachments/9772w58e6ekilz4b5wc9hq8ek/download
002912,Image,None,002912_20230321_SITE2.jpg,7559d0172456428f9a01c7d72199ef3b,2023-07-18T19:11:06.7620000+00:00,2023-07-18T20:51:57.3914603+00:00,k_price,,../../apps/v1/attachments/84zvbpr5kqhyl8b5q6jx0lccd/download,,3155565e97f04240872d1e58e8582c78,Site Photo,,,2023-12-06T02:32:03.3755328+00:00,,,,,,,,,,,,,https://nwfwmd.aquaticinformatics.net/AQUARIUS/apps/v1/attachments/84zvbpr5kqhyl8b5q6jx0lccd/download
002912,Image,None,002912_20230321_MP.jpg,8cbb7f6832284ef4864f2319bb5f52b5,2023-07-18T19:11:06.6170000+00:00,2023-07-18T20:51:56.7637810+00:00,k_price,,../../apps/v1/attachments/wpbt7d24mpvsd8geodwdm3b2/download,,cf772ffb411b461ca9554d5c77dd8d8d,MP,,,2023-12-06T02:32:05.6772559+00:00,,,,,,,,,,,,,https://nwfwmd.aquaticinformatics.net/AQUARIUS/apps/v1/attachments/wpbt7d24mpvsd8geodwdm3b2/download
002138,Image,None,002137_002138_20230329_1_SITE.png,8b32f0640c3049f8860e20a6368199ca,2023-11-30T15:27:50.8790000+00:00,2023-11-30T15:32:26.8330772+00:00,k_price,,../../apps/v1/attachments/e38eggii2bhdkirobfaamzrks/download,,3155565e97f04240872d1e58e8582c78,Site Photo,,,2023-12-06T02:29:13.7429060+00:00,,,,,,,,,,,,,https://nwfwmd.aquaticinformatics.net/AQUARIUS/apps/v1/attachments/e38eggii2bhdkirobfaamzrks/download
002138,Image,None,002137_002138_20230329_2_SITE.png,fd372e5a395947a0939b0b8b2fcc45a6,2023-11-30T15:30:11.0490000+00:00,2023-11-30T15:32:26.5407729+00:00,k_price,,../../apps/v1/attachments/f5l54i0xalbqilo7p6ub0qvj6/download,,3155565e97f04240872d1e58e8582c78,Site Photo,,,2023-12-06T02:29:20.1293497+00:00,,,,,,,,,,,,,https://nwfwmd.aquaticinformatics.net/AQUARIUS/apps/v1/attachments/f5l54i0xalbqilo7p6ub0qvj6/download
002138,Image,None,002138_20230329_MP.jpg,1a6ecab3a07d43adb02b1824344f796a,2023-11-30T15:21:43.4680000+00:00,2023-11-30T15:31:58.0062105+00:00,k_price,MP#e2d03e7db2424968808c3c5914b0c923,../../apps/v1/attachments/4vp7ne4m917sw7dofvgcdi50v/download,,cf772ffb411b461ca9554d5c77dd8d8d,MP,,,2023-12-06T02:29:25.5637176+00:00,,,,,,,,,,,,,https://nwfwmd.aquaticinformatics.net/AQUARIUS/apps/v1/attachments/4vp7ne4m917sw7dofvgcdi50v/download
002137,Image,None,002137_002138_20230329_1_SITE.png,c3efc602e2474573be837b5e9cc57316,2023-11-30T15:27:50.8790000+00:00,2023-11-30T15:37:02.2337238+00:00,k_price,,../../apps/v1/attachments/2o0l7iitdy3j0529n9kkitf7j/download,,3155565e97f04240872d1e58e8582c78,Site Photo,,,2023-12-06T02:29:35.2667885+00:00,,,,,,,,,,,,,https://nwfwmd.aquaticinformatics.net/AQUARIUS/apps/v1/attachments/2o0l7iitdy3j0529n9kkitf7j/download
002137,Image,None,002137_002138_20230329_2_SITE.png,51612e5b0d6b43ed9a50a8c8a61fe2ce,2023-11-30T15:30:11.0490000+00:00,2023-11-30T15:37:02.1035569+00:00,k_price,,../../apps/v1/attachments/7hyf5emp090k6ey2ctnka9bjz/download,,3155565e97f04240872d1e58e8582c78,Site Photo,,,2023-12-06T02:29:41.4250286+00:00,,,,,,,,,,,,,https://nwfwmd.aquaticinformatics.net/AQUARIUS/apps/v1/attachments/7hyf5emp090k6ey2ctnka9bjz/download
002137,Image,None,002137_20230329_MP.jpg,f8022368e019434cbcfb83adb09d57cb,2023-11-30T15:13:47.1090000+00:00,2023-11-30T15:36:54.3124799+00:00,k_price,MP#0a59f2252e044d32bd4e385fb659b6d2,../../apps/v1/attachments/6zjp03lbe4da0xrh1tpon2kwu/download,,cf772ffb411b461ca9554d5c77dd8d8d,MP,,,2023-12-06T02:29:49.8418226+00:00,,,,,,,,,,,,,https://nwfwmd.aquaticinformatics.net/AQUARIUS/apps/v1/attachments/6zjp03lbe4da0xrh1tpon2kwu/download
002137,Image,None,002137_20230329_Closeup_SITE.jpg,2c5d6de9e94847d8b5583c8f004e5295,2023-11-30T15:13:47.1880000+00:00,2023-11-30T15:36:52.3772685+00:00,k_price,,../../apps/v1/attachments/2x7xs006krg5wqy1rkpbjjqux/download,,3155565e97f04240872d1e58e8582c78,Site Photo,,,2023-12-06T02:29:51.1127470+00:00,,,,,,,,,,,,,https://nwfwmd.aquaticinformatics.net/AQUARIUS/apps/v1/attachments/2x7xs006krg5wqy1rkpbjjqux/download
007492,Image,LocationPhoto,007492_SITE.jpg,e26b3c5c78c54bfc9854fbe96c72763f,2023-07-19T16:22:24.2790000+00:00,2023-07-19T16:32:04.2996837+00:00,k_price,,../../apps/v1/attachments/2fx7nfkkqgskz103hqf9q0ar6/download,,3155565e97f04240872d1e58e8582c78,Site Photo,,,2023-12-06T02:32:53.2258141+00:00,,,,,,,,,,,,,https://nwfwmd.aquaticinformatics.net/AQUARIUS/apps/v1/attachments/2fx7nfkkqgskz103hqf9q0ar6/download
004430,Image,None,004430_20230321_SITE.JPG,00a47c1006c040dea64b5f66c4edaa7f,2023-07-18T19:11:08.9320000+00:00,2023-07-19T15:17:05.0626919+00:00,k_price,,../../apps/v1/attachments/33io4b6eoj94dd8itr357zph0/download,,3155565e97f04240872d1e58e8582c78,Site Photo,,,2023-12-06T02:28:42.4014593+00:00,30.65658611111111,-84.21627777777778,,,,,,,,,,,https://nwfwmd.aquaticinformatics.net/AQUARIUS/apps/v1/attachments/33io4b6eoj94dd8itr357zph0/download
004430,Image,None,004430_20230321_SITE_2.JPG,fd5f6cd3fe3a4e249cabe1f6b2bca71a,2023-07-18T19:11:08.9880000+00:00,2023-07-19T15:17:04.8876418+00:00,k_price,,../../apps/v1/attachments/bp8as7qp7f81jiyhfl9safu1i/download,,3155565e97f04240872d1e58e8582c78,Site Photo,,,2023-12-06T02:28:44.3809682+00:00,30.65656111111111,-84.2163,,,,,,,,,,,https://nwfwmd.aquaticinformatics.net/AQUARIUS/apps/v1/attachments/bp8as7qp7f81jiyhfl9safu1i/download
004430,Image,LocationPhoto,004430_20230321_MP.JPG,0a15adf2120247fa9d3e36e9007c420b,2023-07-18T19:11:08.8660000+00:00,2023-07-19T15:17:04.0140257+00:00,k_price,,../../apps/v1/attachments/6324zoy1iliee9wg3fybmqa1j/download,,cf772ffb411b461ca9554d5c77dd8d8d,MP,,,2023-12-06T02:28:46.0270121+00:00,30.65653888888889,-84.21628611111112,,,,,,,,,,,https://nwfwmd.aquaticinformatics.net/AQUARIUS/apps/v1/attachments/6324zoy1iliee9wg3fybmqa1j/download
222222,Image,None,222222_20240401_SITE.jpg,9e63f1651db344d0ac1910258ffa4d08,2024-04-02T16:22:00.2680000+00:00,2024-04-02T16:22:28.5757164+00:00,k_price,,../../apps/v1/attachments/f40zzmg04otfhh4w297l9d9wn/download,,3155565e97f04240872d1e58e8582c78,Site Photo,,,,,,,,,,,,,,,,https://nwfwmd.aquaticinformatics.net/AQUARIUS/apps/v1/attachments/f40zzmg04otfhh4w297l9d9wn/download
222222,Image,None,222222_20240401_staff_MP.jpg,702338c203c0475c905c098579315f0f,2024-04-02T16:00:28.8550000+00:00,2024-04-02T16:20:40.2408117+00:00,k_price,MP#3d8ba184191d4d2aaca3ef03c114cb1f,../../apps/v1/attachments/euvpe66vpv50soba0dw4s7by8/download,,cf772ffb411b461ca9554d5c77dd8d8d,MP,,,,,,,,,,,,,,,,https://nwfwmd.aquaticinformatics.net/AQUARIUS/apps/v1/attachments/euvpe66vpv50soba0dw4s7by8/download
222222,Image,None,222222_20240401_ChSq_MP.jpg,d6748332af854f9483171685a74b5039,2024-04-02T15:56:51.2910000+00:00,2024-04-02T16:20:36.4872171+00:00,k_price,MP#4bc24397246c49aa8a1457ca6bef3d52,../../apps/v1/attachments/cm1ivgfoxb9pq127p53u9pyib/download,,cf772ffb411b461ca9554d5c77dd8d8d,MP,,,,,,,,,,,,,,,,https://nwfwmd.aquaticinformatics.net/AQUARIUS/apps/v1/attachments/cm1ivgfoxb9pq127p53u9pyib/download
001417,Image,LocationPhoto,001417_20230322_SITE_1.JPG,4c1c9028070f43caa1c3dd8d06a31931,2023-07-18T19:11:06.0260000+00:00,2023-07-19T13:28:01.0761474+00:00,k_price,,../../apps/v1/attachments/d10com7f99et4y1b12o4ydtm5/download,,3155565e97f04240872d1e58e8582c78,Site Photo,,,2023-12-06T02:28:12.8826814+00:00,30.37676111111111,-84.31708611111111,,,,,,,,,,,https://nwfwmd.aquaticinformatics.net/AQUARIUS/apps/v1/attachments/d10com7f99et4y1b12o4ydtm5/download
001417,Image,LocationPhoto,001417_20230322_SITE_2.JPG,0d4c703c88a14d288a6f9282ffff5dfd,2023-07-18T19:11:06.1300000+00:00,2023-07-19T13:28:00.3453263+00:00,k_price,,../../apps/v1/attachments/onga6d2lupxcwfpokl1okf38/download,,3155565e97f04240872d1e58e8582c78,Site Photo,,,2023-12-06T02:28:15.8851643+00:00,30.37668888888889,-84.31718333333333,,,,,,,,,,,https://nwfwmd.aquaticinformatics.net/AQUARIUS/apps/v1/attachments/onga6d2lupxcwfpokl1okf38/download
001417,Image,LocationPhoto,001417_20230322_MP.JPG,66a50bf655304c7aaf80d554f0ad9e57,2023-07-18T19:11:05.9380000+00:00,2023-07-19T13:27:58.7781848+00:00,k_price,,../../apps/v1/attachments/3ge2xpaxxis36ge46t6pkbutm/download,,cf772ffb411b461ca9554d5c77dd8d8d,MP,,,2023-12-06T02:28:19.1108857+00:00,30.37674722222222,-84.31708611111111,,,,,,,,,,,https://nwfwmd.aquaticinformatics.net/AQUARIUS/apps/v1/attachments/3ge2xpaxxis36ge46t6pkbutm/download
010134,Image,None,010134_20230809_ wooden_Ch_Sq_MP.jpg,52670515446249139f441ee6d26a4f60,2023-08-10T20:31:03.6780000+00:00,2023-08-10T20:34:48.9046396+00:00,k_price,,../../apps/v1/attachments/31cix8386pdi4cd80b9ooenii/download,,cf772ffb411b461ca9554d5c77dd8d8d,MP,,,2023-12-06T02:28:20.6972716+00:00,29.880455555555557,-84.7375611111111,,,,,,,,,,,https://nwfwmd.aquaticinformatics.net/AQUARIUS/apps/v1/attachments/31cix8386pdi4cd80b9ooenii/download
010134,Image,None,010134_20230809_overall2_MP.jpg,4f9fc96b2e284b5b8ef813bd45adfcd3,2023-08-10T20:31:06.4120000+00:00,2023-08-10T20:34:47.8782825+00:00,k_price,,../../apps/v1/attachments/cjpe9f67t2tpomnpkzh18uje2/download,,cf772ffb411b461ca9554d5c77dd8d8d,MP,,,2023-12-06T02:28:24.5653883+00:00,29.880455555555557,-84.7375611111111,,,,,,,,,,,https://nwfwmd.aquaticinformatics.net/AQUARIUS/apps/v1/attachments/cjpe9f67t2tpomnpkzh18uje2/download
010134,Image,None,010134_20230809_ Ch_Sq_bridge_MP.jpg,6d0060addbc04862b0b9df843162c547,2023-08-10T20:31:06.2560000+00:00,2023-08-10T20:34:46.6812095+00:00,k_price,,../../apps/v1/attachments/3fnfvfjsnwa5rc7bij016c5mf/download,,cf772ffb411b461ca9554d5c77dd8d8d,MP,,,2023-12-06T02:28:26.7910110+00:00,29.880455555555557,-84.7375611111111,,,,,,,,,,,https://nwfwmd.aquaticinformatics.net/AQUARIUS/apps/v1/attachments/3fnfvfjsnwa5rc7bij016c5mf/download
010134,Image,None,010134_20230809_Staff_MP.jpg,db591d58badf43e3ae836d7db2c34170,2023-08-10T20:31:05.6620000+00:00,2023-08-10T20:34:46.6383781+00:00,k_price,,../../apps/v1/attachments/a1j1ltvdaeyt600q48hvi5q3m/download,,cf772ffb411b461ca9554d5c77dd8d8d,MP,,,2023-12-06T02:28:28.4319163+00:00,29.880455555555557,-84.7375611111111,,,,,,,,,,,https://nwfwmd.aquaticinformatics.net/AQUARIUS/apps/v1/attachments/a1j1ltvdaeyt600q48hvi5q3m/download
010134,Image,None,010134_20230809_overall_MP.jpg,91d19bedfd3f4f7fad9722bffe765293,2023-08-10T20:31:05.4440000+00:00,2023-08-10T20:34:45.8796012+00:00,k_price,,../../apps/v1/attachments/bjr662ukr0njfhijy6i4eg07e/download,,cf772ffb411b461ca9554d5c77dd8d8d,MP,,,2023-12-06T02:28:30.3177480+00:00,29.880455555555557,-84.7375611111111,,,,,,,,,,,https://nwfwmd.aquaticinformatics.net/AQUARIUS/apps/v1/attachments/bjr662ukr0njfhijy6i4eg07e/download
010134,Image,None,010134_N side of bridge_SITE.jpg,42ef69656f5f4287a5503612683fdfb5,2023-07-18T19:11:11.4700000+00:00,2023-07-19T16:17:12.3988147+00:00,k_price,,../../apps/v1/attachments/di9jzkstvpsx4zzqmgueee3qt/download,,3155565e97f04240872d1e58e8582c78,Site Photo,,,2023-12-06T02:28:32.4412405+00:00,,,,,,,,,,,,,https://nwfwmd.aquaticinformatics.net/AQUARIUS/apps/v1/attachments/di9jzkstvpsx4zzqmgueee3qt/download
004026,Image,LocationPhoto,004026_20230323_SITE.JPG,4269b273edfc4949b9e4162f4153f9b0,2023-07-18T19:11:08.6010000+00:00,2023-07-19T15:09:10.8827476+00:00,k_price,,../../apps/v1/attachments/a52uwzqoml9seg8c5bg4i9dh7/download,,3155565e97f04240872d1e58e8582c78,Site Photo,,,2023-12-06T02:28:33.9576527+00:00,30.598663888888886,-84.57958888888888,,,,,,,,,,,https://nwfwmd.aquaticinformatics.net/AQUARIUS/apps/v1/attachments/a52uwzqoml9seg8c5bg4i9dh7/download
004026,Image,LocationPhoto,004026_20230323_MP.png,7068458710f347d896e4099b981ada11,2023-07-19T15:07:49.5830000+00:00,2023-07-19T15:09:09.6642260+00:00,k_price,,../../apps/v1/attachments/9vlkpbvm06236zd3dxohee1sh/download,,cf772ffb411b461ca9554d5c77dd8d8d,MP,,,2023-12-06T02:28:36.1590767+00:00,,,,,,,,,,,,,https://nwfwmd.aquaticinformatics.net/AQUARIUS/apps/v1/attachments/9vlkpbvm06236zd3dxohee1sh/download
009638,Image,None,009638_20230808_SITE.jpg,e0dbd556f04545cda97922fe776ef11f,2023-08-11T20:14:04.1770000+00:00,2023-08-11T20:15:10.4113549+00:00,k_price,,../../apps/v1/attachments/8oylhr7vc0u6oueb1970pbii3/download,,3155565e97f04240872d1e58e8582c78,Site Photo,,,2023-12-06T02:28:40.7056114+00:00,,,,,,,,,,,,,https://nwfwmd.aquaticinformatics.net/AQUARIUS/apps/v1/attachments/8oylhr7vc0u6oueb1970pbii3/download
009638,Image,None,009638_20230808_MP.jpg,41f928df6afd432faafe6fd639fdbf0e,2023-08-08T14:08:20.9870000+00:00,2023-08-11T20:15:10.3722751+00:00,k_price,,../../apps/v1/attachments/94j9s3mfycw4587do3zlg09le/download,,cf772ffb411b461ca9554d5c77dd8d8d,MP,,,2023-12-06T02:28:41.6506545+00:00,,,,,,,,,,,,,https://nwfwmd.aquaticinformatics.net/AQUARIUS/apps/v1/attachments/94j9s3mfycw4587do3zlg09le/download
009746,Image,None,009746_20230808_SITE.jpg,a16c33931c3740a696839088c536609a,2023-08-11T20:14:04.2860000+00:00,2023-08-11T20:30:02.5994525+00:00,k_price,,../../apps/v1/attachments/bfwj510hql9hjcas12jju9zhr/download,,3155565e97f04240872d1e58e8582c78,Site Photo,,,2023-12-06T02:28:48.0112618+00:00,,,,,,,,,,,,,https://nwfwmd.aquaticinformatics.net/AQUARIUS/apps/v1/attachments/bfwj510hql9hjcas12jju9zhr/download
009746,Image,None,009746_009745_SITE.jpg,53efbc062e70483486370c8f828028f0,2023-08-11T20:24:54.6400000+00:00,2023-08-11T20:27:56.2335978+00:00,k_price,,../../apps/v1/attachments/dcxb04ujkkb0cx612wkv7mnkq/download,,3155565e97f04240872d1e58e8582c78,Site Photo,,,2023-12-06T02:28:48.7989663+00:00,,,,,,,,,,,,,https://nwfwmd.aquaticinformatics.net/AQUARIUS/apps/v1/attachments/dcxb04ujkkb0cx612wkv7mnkq/download
009746,Image,None,009746_20230808_MP.jpg,1d56fc59882143f6a0a396c3e81e2fd7,2023-08-11T20:17:12.3080000+00:00,2023-08-11T20:27:33.0720033+00:00,k_price,,../../apps/v1/attachments/2j7at53f5jy92igtk74ue6h7o/download,,cf772ffb411b461ca9554d5c77dd8d8d,MP,,,2023-12-06T02:28:49.6632544+00:00,,,,,,,,,,,,,https://nwfwmd.aquaticinformatics.net/AQUARIUS/apps/v1/attachments/2j7at53f5jy92igtk74ue6h7o/download
012693,Image,LocationPhoto,012693_SITE.png,ff228b7cfdb4468c8793d2ab0913517f,2023-07-19T15:46:27.5150000+00:00,2023-07-19T15:47:25.9695183+00:00,k_price,,../../apps/v1/attachments/b5741nh2o293ac9811hz985kw/download,,3155565e97f04240872d1e58e8582c78,Site Photo,,,2023-12-06T02:28:50.4967504+00:00,,,,,,,,,,,,,https://nwfwmd.aquaticinformatics.net/AQUARIUS/apps/v1/attachments/b5741nh2o293ac9811hz985kw/download
012693,Image,LocationPhoto,012693_20230321_MP.png,fcdcee1d36494bc38d84c04d1df7a365,2023-07-19T15:41:06.1210000+00:00,2023-07-19T15:47:24.8268789+00:00,k_price,,../../apps/v1/attachments/buszjfzgn5812jco25qqffat/download,,cf772ffb411b461ca9554d5c77dd8d8d,MP,,,2023-12-06T02:28:55.8594031+00:00,,,,,,,,,,,,,https://nwfwmd.aquaticinformatics.net/AQUARIUS/apps/v1/attachments/buszjfzgn5812jco25qqffat/download
012693,Image,LocationPhoto,012693_012694_012695_20230322_SITE_2.JPG,43466484bf6d4509ab83bb40214b1df1,2023-07-18T19:11:11.6680000+00:00,2023-07-19T15:47:23.4513222+00:00,k_price,,../../apps/v1/attachments/6qnzc3kyvqpgrz6fbre6h4l6x/download,,3155565e97f04240872d1e58e8582c78,Site Photo,,,2023-12-06T02:28:58.5887504+00:00,30.51161111111111,-83.87669444444444,,,,,,,,,,,https://nwfwmd.aquaticinformatics.net/AQUARIUS/apps/v1/attachments/6qnzc3kyvqpgrz6fbre6h4l6x/download
008545,Image,None,008545_20230913_SITE.jpg,a5b10c655ae84dec94a1320acb0b69da,2023-09-18T17:51:55.1370000+00:00,2023-09-18T17:52:30.4660679+00:00,k_price,,../../apps/v1/attachments/avp27u6rcaxf2m5r2u4fntp28/download,,3155565e97f04240872d1e58e8582c78,Site Photo,,,2023-12-06T02:29:00.7048208+00:00,30.56328611111111,-85.38895277777779,,,,,,,,,,,https://nwfwmd.aquaticinformatics.net/AQUARIUS/apps/v1/attachments/avp27u6rcaxf2m5r2u4fntp28/download
012695,Image,LocationPhoto,012695_20230322_SITE.png,1f1e20edd96548a886aa680073298c74,2023-07-19T16:01:44.5570000+00:00,2023-07-19T16:03:57.1905204+00:00,k_price,,../../apps/v1/attachments/4ciokx2nsjimc0q3nwhv7xeby/download,,3155565e97f04240872d1e58e8582c78,Site Photo,,,2023-12-06T02:29:02.7232380+00:00,,,,,,,,,,,,,https://nwfwmd.aquaticinformatics.net/AQUARIUS/apps/v1/attachments/4ciokx2nsjimc0q3nwhv7xeby/download
012695,Image,LocationPhoto,012695_20230321_MP.png,281a4cac57ef43d7985f9f6a0b15a093,2023-07-19T16:00:33.8530000+00:00,2023-07-19T16:03:56.7125146+00:00,k_price,,../../apps/v1/attachments/57ca4o728n6hkkkkqsazony2e/download,,cf772ffb411b461ca9554d5c77dd8d8d,MP,,,2023-12-06T02:29:08.4084393+00:00,,,,,,,,,,,,,https://nwfwmd.aquaticinformatics.net/AQUARIUS/apps/v1/attachments/57ca4o728n6hkkkkqsazony2e/download
012695,Image,LocationPhoto,012695_012693_012694_20230322_SITE_2.JPG,28abd89267c047debb4de8cff4533045,2023-07-18T19:11:11.6680000+00:00,2023-07-19T16:03:54.1464500+00:00,k_price,,../../apps/v1/attachments/956budrz3740qrddi1ic2lmdw/download,,3155565e97f04240872d1e58e8582c78,Site Photo,,,2023-12-06T02:29:11.8595431+00:00,30.51161111111111,-83.87669444444444,,,,,,,,,,,https://nwfwmd.aquaticinformatics.net/AQUARIUS/apps/v1/attachments/956budrz3740qrddi1ic2lmdw/download
011359,Image,LocationPhoto,011359_Staff_MP.jpg,2a9903024c014e5b9649049bbf1b80e6,2023-07-19T16:22:26.3620000+00:00,2023-07-19T17:29:34.0191128+00:00,k_price,MP#28f92c462cc74c21a02683994b81feeb,../../apps/v1/attachments/cdoz3n5c4ykzlahfkhqgmlaqs/download,,cf772ffb411b461ca9554d5c77dd8d8d,MP,,,2023-12-06T02:29:27.2484295+00:00,,,,,,,,,,,,,https://nwfwmd.aquaticinformatics.net/AQUARIUS/apps/v1/attachments/cdoz3n5c4ykzlahfkhqgmlaqs/download
011359,Image,None,still crk-729.jpg,d747f613407e41b59b8e6756b2e5566e,2010-02-09T00:50:36.0000000+00:00,2021-07-14T23:50:41.1956133+00:00,admin,"By J_INSALACO,2010-02-08 17:50:00,",../../apps/v1/attachments/41t7xs5o2wtpemp5ho2ryhp8j/download,,3155565e97f04240872d1e58e8582c78,Site Photo,,,2023-12-06T02:29:28.9179160+00:00,,,,,,,,,,,,,https://nwfwmd.aquaticinformatics.net/AQUARIUS/apps/v1/attachments/41t7xs5o2wtpemp5ho2ryhp8j/download
000884,Image,None,000884_20230321_Site1.jpg,bc26741ea8a64d2eb1a86da9d943e511,2023-07-18T19:11:05.5210000+00:00,2023-07-18T20:39:12.2974618+00:00,k_price,,../../apps/v1/attachments/55jpkqqwirvm0o14fro16vw2p/download,,3155565e97f04240872d1e58e8582c78,Site Photo,,,2023-12-06T02:29:29.9547401+00:00,,,,,,,,,,,,,https://nwfwmd.aquaticinformatics.net/AQUARIUS/apps/v1/attachments/55jpkqqwirvm0o14fro16vw2p/download
000884,Image,LocationPhoto,000884_20230321_MP.jpg,eff2cc2339df4e3e9cd970ef2a8b2007,2023-07-18T19:11:05.4130000+00:00,2023-07-18T20:39:12.1678758+00:00,k_price,MP#4c013fa6b2bb47f8b1cb66723246f063,../../apps/v1/attachments/cx3ycfb0mfazildbv21ne92ok/download,,cf772ffb411b461ca9554d5c77dd8d8d,MP,,,2023-12-06T02:29:31.8612752+00:00,,,,,,,,,,,,,https://nwfwmd.aquaticinformatics.net/AQUARIUS/apps/v1/attachments/cx3ycfb0mfazildbv21ne92ok/download
000884,Image,None,000884_20230321_site.jpg,d16d3aa8cd904f29932c2c7edfce699c,2023-07-18T19:11:05.4540000+00:00,2023-07-18T20:39:11.8832043+00:00,k_price,,../../apps/v1/attachments/cynxnyopyqdoyxhsij0honefa/download,,3155565e97f04240872d1e58e8582c78,Site Photo,,,2023-12-06T02:29:33.7157902+00:00,,,,,,,,,,,,,https://nwfwmd.aquaticinformatics.net/AQUARIUS/apps/v1/attachments/cynxnyopyqdoyxhsij0honefa/download
000977,Image,None,000977_20230323_SITE.jpg,05c6b32c7f764554968b5a0c3329faa6,2023-07-18T19:11:05.7860000+00:00,2023-07-18T20:46:17.2915541+00:00,k_price,,../../apps/v1/attachments/1om9jmegzwj83bzd7i356l9e9/download,,3155565e97f04240872d1e58e8582c78,Site Photo,,,2023-12-06T02:29:52.8804441+00:00,,,,,,,,,,,,,https://nwfwmd.aquaticinformatics.net/AQUARIUS/apps/v1/attachments/1om9jmegzwj83bzd7i356l9e9/download
000977,Image,LocationPhoto,000977_20230323_MP.jpg,b8041d7386f349d99a6d507efb12c209,2023-07-18T19:11:05.6990000+00:00,2023-07-18T20:46:16.6341202+00:00,k_price,MP#dc1009b08d664a19a40db6d315b6b8b6,../../apps/v1/attachments/6237mwe82hou1tna8n79g5juz/download,,cf772ffb411b461ca9554d5c77dd8d8d,MP,,,2023-12-06T02:29:55.3918776+00:00,,,,,,,,,,,,,https://nwfwmd.aquaticinformatics.net/AQUARIUS/apps/v1/attachments/6237mwe82hou1tna8n79g5juz/download
012899,Image,None,012899_20191107_Staff_MP.jpg,9a36288e96934ac0bec760424cb9e5fb,2023-11-30T16:10:56.9270000+00:00,2023-11-30T16:12:36.8342646+00:00,k_price,MP#5b237e2dc9b145519e58e68ef14f0042,../../apps/v1/attachments/ijq9i0iabfqeu61s9ppwc2r3/download,,cf772ffb411b461ca9554d5c77dd8d8d,MP,,,2023-12-06T02:29:57.1745065+00:00,,,,,,,,,,,,,https://nwfwmd.aquaticinformatics.net/AQUARIUS/apps/v1/attachments/ijq9i0iabfqeu61s9ppwc2r3/download
012899,Image,None,012899_20191031_SITE.jpg,df1d0374e802464bae9d35a6365b366d,2023-11-30T16:10:40.0660000+00:00,2023-11-30T16:12:36.6729230+00:00,k_price,,../../apps/v1/attachments/ozzcvjd9e9wiz2wmz9j2vrvr/download,,3155565e97f04240872d1e58e8582c78,Site Photo,,,2023-12-06T02:29:58.5579058+00:00,,,,,,,,,,,,,https://nwfwmd.aquaticinformatics.net/AQUARIUS/apps/v1/attachments/ozzcvjd9e9wiz2wmz9j2vrvr/download
000978,Image,None,000978_20230323_SITE.jpg,eb6a8773f0c140dba2b36a18f853a2b9,2023-07-18T19:11:05.6520000+00:00,2023-07-18T20:49:08.9882861+00:00,k_price,,../../apps/v1/attachments/10v9jpkriqinqrfe6zbouak08/download,,3155565e97f04240872d1e58e8582c78,Site Photo,,,2023-12-06T02:30:04.1326108+00:00,,,,,,,,,,,,,https://nwfwmd.aquaticinformatics.net/AQUARIUS/apps/v1/attachments/10v9jpkriqinqrfe6zbouak08/download
000978,Image,LocationPhoto,000978_20230323_MP.jpg,8e3f525203ba48eab38b509bc1fa5eea,2023-07-18T19:11:05.5730000+00:00,2023-07-18T20:48:13.1942838+00:00,k_price,MP#9ae78e2a15934161bfc51069f954c02b,../../apps/v1/attachments/e2irbwypsmfm9a2ds029fpdg3/download,,cf772ffb411b461ca9554d5c77dd8d8d,MP,,,2023-12-06T02:30:06.7620980+00:00,,,,,,,,,,,,,https://nwfwmd.aquaticinformatics.net/AQUARIUS/apps/v1/attachments/e2irbwypsmfm9a2ds029fpdg3/download
009092,Image,None,009092_20230809_ SITE.jpeg,a38940367d3f47be8120bf24c3c038f0,2023-08-10T20:57:19.9320000+00:00,2023-08-10T20:58:07.6399831+00:00,k_price,,../../apps/v1/attachments/ee83fi3vewqqi5y5yj8ru6km/download,,3155565e97f04240872d1e58e8582c78,Site Photo,,,2023-12-06T02:30:08.8711750+00:00,,,,,,,,,,,,,https://nwfwmd.aquaticinformatics.net/AQUARIUS/apps/v1/attachments/ee83fi3vewqqi5y5yj8ru6km/download
009092,Image,None,009092_20230809_with_cap_SITE.jpg,0a808d0e1a794b36836607a91e08bb6a,2023-08-10T20:38:29.3900000+00:00,2023-08-10T20:58:07.3491574+00:00,k_price,,../../apps/v1/attachments/65iyy2vt2omw7s4id5wfdpqlm/download,,cf772ffb411b461ca9554d5c77dd8d8d,MP,,,2023-12-06T02:30:10.7560977+00:00,29.98988611111111,-84.65201388888889,,,,,,,,,,,https://nwfwmd.aquaticinformatics.net/AQUARIUS/apps/v1/attachments/65iyy2vt2omw7s4id5wfdpqlm/download
009092,Image,None,009092_20230809_ MP.jpg,fb467f5a951846ba99a47399ba2ac4ef,2023-08-10T20:40:40.6680000+00:00,2023-08-10T20:58:06.7449374+00:00,k_price,,../../apps/v1/attachments/93rf58jlmd45p272w320sreg7/download,,cf772ffb411b461ca9554d5c77dd8d8d,MP,,,2023-12-06T02:30:12.3685875+00:00,,,,,,,,,,,,,https://nwfwmd.aquaticinformatics.net/AQUARIUS/apps/v1/attachments/93rf58jlmd45p272w320sreg7/download
008434,Image,None,008434_20230817_Staff_MP.jpg,95a7917fedaf4ba2b3243ae2a83c0c1d,2023-11-30T16:39:05.9220000+00:00,2023-11-30T16:53:11.9105958+00:00,k_price,MP#fa4bb5beb620494cac1000fde32d22d0,../../apps/v1/attachments/1whi8qx8losiw5kw9txqrcq83/download,,cf772ffb411b461ca9554d5c77dd8d8d,MP,,,2023-12-06T02:30:14.5494093+00:00,,,,,,,,,,,,,https://nwfwmd.aquaticinformatics.net/AQUARIUS/apps/v1/attachments/1whi8qx8losiw5kw9txqrcq83/download
008434,Image,None,008434_20230817_Staff_2_MP.jpg,2e901c07ec0a4ab6a606053af59918c1,2023-11-30T16:51:47.0580000+00:00,2023-11-30T16:53:11.2888318+00:00,k_price,MP#fa4bb5beb620494cac1000fde32d22d0,../../apps/v1/attachments/a17iuvg17zfdcrm7sejwaguu3/download,,cf772ffb411b461ca9554d5c77dd8d8d,MP,,,2023-12-06T02:30:16.4963573+00:00,,,,,,,,,,,,,https://nwfwmd.aquaticinformatics.net/AQUARIUS/apps/v1/attachments/a17iuvg17zfdcrm7sejwaguu3/download
008434,Image,None,008434_20230817_Pipe_1_MP.jpg,7f734a9283964b3cbc7aca6706cfe5ac,2023-11-30T16:49:07.6820000+00:00,2023-11-30T16:53:10.4513373+00:00,k_price,MP#6aacf1bdcbb04941aaa6e98db7c2d335,../../apps/v1/attachments/1iwt944gkdsgt5l69cbox4hd3/download,,cf772ffb411b461ca9554d5c77dd8d8d,MP,,,2023-12-06T02:30:18.8388729+00:00,,,,,,,,,,,,,https://nwfwmd.aquaticinformatics.net/AQUARIUS/apps/v1/attachments/1iwt944gkdsgt5l69cbox4hd3/download
008434,Image,None,008434_20230817_2_SITE.jpg,8569ec8102c34139b3cbe5dce8518083,2023-11-30T16:38:06.5270000+00:00,2023-11-30T16:53:09.1161154+00:00,k_price,,../../apps/v1/attachments/d80cuwl88n34wvp1ycrrnsske/download,,3155565e97f04240872d1e58e8582c78,Site Photo,,,2023-12-06T02:30:20.7687613+00:00,,,,,,,,,,,,,https://nwfwmd.aquaticinformatics.net/AQUARIUS/apps/v1/attachments/d80cuwl88n34wvp1ycrrnsske/download
008434,Image,None,008434_20230817_1_SITE.jpg,1c62e5d7b6db483c9b00fa2bc8480ee4,2023-11-30T16:40:40.9770000+00:00,2023-11-30T16:53:09.1049319+00:00,k_price,,../../apps/v1/attachments/ahgbnymvadg1hiset7b3ieadd/download,,3155565e97f04240872d1e58e8582c78,Site Photo,,,2023-12-06T02:30:22.6828920+00:00,,,,,,,,,,,,,https://nwfwmd.aquaticinformatics.net/AQUARIUS/apps/v1/attachments/ahgbnymvadg1hiset7b3ieadd/download
008434,Image,None,008434__20230817_Pipe_2_MP.jpg,8fcb37b1ba7149a28eb28a84622370b8,2023-11-30T16:37:49.1370000+00:00,2023-11-30T16:53:09.0338465+00:00,k_price,MP#6aacf1bdcbb04941aaa6e98db7c2d335,../../apps/v1/attachments/76mm0fk5i8qoy04y8d6j7rygf/download,,cf772ffb411b461ca9554d5c77dd8d8d,MP,,,2023-12-06T02:30:24.7556614+00:00,,,,,,,,,,,,,https://nwfwmd.aquaticinformatics.net/AQUARIUS/apps/v1/attachments/76mm0fk5i8qoy04y8d6j7rygf/download
008434,Image,None,008434_20231108_LowWaterPipe_2_MP.jpg,8749471195cf4ad3a0b2a6d5f9f6af98,2023-11-30T16:29:31.2040000+00:00,2023-11-30T16:30:33.5239844+00:00,k_price,MP#e2c9b39f9b2d4e628b1a721175fe875d,../../apps/v1/attachments/9ddxigloxwffuj1hno1gnhf95/download,,cf772ffb411b461ca9554d5c77dd8d8d,MP,,,2023-12-06T02:30:27.0429043+00:00,,,,,,,,,,,,,https://nwfwmd.aquaticinformatics.net/AQUARIUS/apps/v1/attachments/9ddxigloxwffuj1hno1gnhf95/download
008434,Image,None,008434_20231108_LowWaterPipe_1_MP.jpg,135cc54a41c749d69f9e8534927f573f,2023-11-30T16:26:30.0320000+00:00,2023-11-30T16:30:32.8529730+00:00,k_price,MP#e2c9b39f9b2d4e628b1a721175fe875d,../../apps/v1/attachments/hqiqxfyqccyjal7c6dvo2ini/download,,cf772ffb411b461ca9554d5c77dd8d8d,MP,,,2023-12-06T02:30:29.3596656+00:00,,,,,,,,,,,,,https://nwfwmd.aquaticinformatics.net/AQUARIUS/apps/v1/attachments/hqiqxfyqccyjal7c6dvo2ini/download
008434,Image,None,008434_SITE.jpg,0d730f46068540718b0d88290ddc52b8,2023-07-19T16:22:24.6070000+00:00,2023-07-19T16:38:27.8877837+00:00,k_price,,../../apps/v1/attachments/9ixg8qun7b87cmzasdj4r6c1a/download,,3155565e97f04240872d1e58e8582c78,Site Photo,,,2023-12-06T02:30:31.6244956+00:00,,,,,,,,,,,,,https://nwfwmd.aquaticinformatics.net/AQUARIUS/apps/v1/attachments/9ixg8qun7b87cmzasdj4r6c1a/download
000372,Image,LocationPhoto,000372_20230320_SITE_1.jpg,a06f0cf2977a426f8e2cf47cfb4ac6f5,2023-07-18T19:11:03.8840000+00:00,2023-07-18T19:38:58.8576538+00:00,k_price,,../../apps/v1/attachments/95sft3mfh6r7ywymdy3x2171u/download,,3155565e97f04240872d1e58e8582c78,Site Photo,,,2023-12-06T02:30:33.8942330+00:00,,,,,,,,,,,,,https://nwfwmd.aquaticinformatics.net/AQUARIUS/apps/v1/attachments/95sft3mfh6r7ywymdy3x2171u/download
000372,Image,None,000372_20230320_SITE.jpg,73055dd7e6e34b92a7323a0d55c16cbc,2023-07-18T19:11:03.8110000+00:00,2023-07-18T19:38:58.7007086+00:00,k_price,,../../apps/v1/attachments/12r3ax367t2ne7jx26vnldz99/download,,3155565e97f04240872d1e58e8582c78,Site Photo,,,2023-12-06T02:30:35.9844002+00:00,,,,,,,,,,,,,https://nwfwmd.aquaticinformatics.net/AQUARIUS/apps/v1/attachments/12r3ax367t2ne7jx26vnldz99/download
000372,Image,None,000372_20230320_MP.jpg,db288aa827134bb2bf3e60003aeb0ea2,2023-07-18T19:11:03.7490000+00:00,2023-07-18T19:38:57.9432754+00:00,k_price,,../../apps/v1/attachments/am7r65yc9yklyvhnudn6ij8qp/download,,cf772ffb411b461ca9554d5c77dd8d8d,MP,,,2023-12-06T02:30:37.9878564+00:00,,,,,,,,,,,,,https://nwfwmd.aquaticinformatics.net/AQUARIUS/apps/v1/attachments/am7r65yc9yklyvhnudn6ij8qp/download
002415,Image,None,002415_SITE.jpg,19127fd84b9c4c8f9563db615ff90e57,2023-07-19T16:22:24.2060000+00:00,2023-07-19T16:27:23.2319599+00:00,k_price,,../../apps/v1/attachments/ebbb0k6czy508ctya3eg194qd/download,,3155565e97f04240872d1e58e8582c78,Site Photo,,,2023-12-06T02:30:39.9489385+00:00,,,,,,,,,,,,,https://nwfwmd.aquaticinformatics.net/AQUARIUS/apps/v1/attachments/ebbb0k6czy508ctya3eg194qd/download
002415,Image,LocationPhoto,002415_MP.jpg,bf658ede181b444893c5bf626dcf5e33,2023-07-19T16:22:24.1360000+00:00,2023-07-19T16:27:22.4564456+00:00,k_price,MP#907b85170e9a4496aa2f2f1ff147c201,../../apps/v1/attachments/19azncmdo9tl6lnge3auywlbb/download,,cf772ffb411b461ca9554d5c77dd8d8d,MP,,,2023-12-06T02:30:41.8214422+00:00,,,,,,,,,,,,,https://nwfwmd.aquaticinformatics.net/AQUARIUS/apps/v1/attachments/19azncmdo9tl6lnge3auywlbb/download
000589,Image,LocationPhoto,000589_20230320_SITE_2.jpg,897aac392bed4e5cb01dcc8d676d588e,2023-07-18T19:11:04.5900000+00:00,2023-07-18T20:19:30.4470893+00:00,k_price,,../../apps/v1/attachments/bz3gxiyhxzgoe4fc4djax26bx/download,,3155565e97f04240872d1e58e8582c78,Site Photo,,,2023-12-06T02:30:43.8270583+00:00,,,,,,,,,,,,,https://nwfwmd.aquaticinformatics.net/AQUARIUS/apps/v1/attachments/bz3gxiyhxzgoe4fc4djax26bx/download
000589,Image,None,000589_20230320_SITE.jpg,8cabb1311ffc4fc5a27a39bc63517a60,2023-07-18T19:11:04.5030000+00:00,2023-07-18T20:19:30.2946821+00:00,k_price,,../../apps/v1/attachments/3it6xjdvpylaz1x73geadnjjp/download,,3155565e97f04240872d1e58e8582c78,Site Photo,,,2023-12-06T02:30:45.9887027+00:00,,,,,,,,,,,,,https://nwfwmd.aquaticinformatics.net/AQUARIUS/apps/v1/attachments/3it6xjdvpylaz1x73geadnjjp/download
000589,Image,None,000589_20230320_MP.jpg,ee431df54272486e9a6db43b146dff54,2023-07-18T19:11:04.4310000+00:00,2023-07-18T20:19:29.9518697+00:00,k_price,,../../apps/v1/attachments/f1ah681wmfoeo4uzafate107r/download,,cf772ffb411b461ca9554d5c77dd8d8d,MP,,,2023-12-06T02:30:47.9950908+00:00,,,,,,,,,,,,,https://nwfwmd.aquaticinformatics.net/AQUARIUS/apps/v1/attachments/f1ah681wmfoeo4uzafate107r/download
005266,Image,None,005266_20220830_MP.jpg,7e98b8a692b34c1cbc44faead8aad00f,2023-10-03T14:57:27.6200000+00:00,2023-10-03T14:57:51.6354498+00:00,k_price,MP#f91babd631624ce790acba5b062ccf8f,../../apps/v1/attachments/39afloju9zersb97pa1teqrsf/download,,cf772ffb411b461ca9554d5c77dd8d8d,MP,,,2023-12-06T02:30:50.2603346+00:00,,,,,,,,,,,,,https://nwfwmd.aquaticinformatics.net/AQUARIUS/apps/v1/attachments/39afloju9zersb97pa1teqrsf/download
011327,Image,LocationPhoto,011327_ChSq_MP.jpg,641e2e5395c043e0b86b6688f3fbf269,2023-07-19T16:22:25.9700000+00:00,2023-07-19T17:15:03.7001309+00:00,k_price,,../../apps/v1/attachments/4abw0n2g671giqi69euojblk7/download,,cf772ffb411b461ca9554d5c77dd8d8d,MP,,,2023-12-06T02:30:50.9397542+00:00,,,,,,,,,,,,,https://nwfwmd.aquaticinformatics.net/AQUARIUS/apps/v1/attachments/4abw0n2g671giqi69euojblk7/download
011327,Image,LocationPhoto,011327_SITE.jpg,1b4908d111ac4914a269a762bfd50b38,2023-07-19T16:22:25.9020000+00:00,2023-07-19T17:14:26.8547162+00:00,k_price,,../../apps/v1/attachments/eakfedq47f5pml4piumf4yw77/download,,3155565e97f04240872d1e58e8582c78,Site Photo,,,2023-12-06T02:30:52.9555947+00:00,,,,,,,,,,,,,https://nwfwmd.aquaticinformatics.net/AQUARIUS/apps/v1/attachments/eakfedq47f5pml4piumf4yw77/download
011327,Image,LocationPhoto,011327_MP.jpg,29ea62e5546045fb82adbfa77693d319,2023-07-19T16:22:25.8360000+00:00,2023-07-19T17:14:26.6132246+00:00,k_price,,../../apps/v1/attachments/5ovv7ozssk2apcmro82zu4tun/download,,cf772ffb411b461ca9554d5c77dd8d8d,MP,,,2023-12-06T02:30:54.8905830+00:00,,,,,,,,,,,,,https://nwfwmd.aquaticinformatics.net/AQUARIUS/apps/v1/attachments/5ovv7ozssk2apcmro82zu4tun/download
011331,Image,LocationPhoto,011331_SITE.jpg,53658655120a4d3f8336af8c90b4b29f,2023-07-19T16:22:26.0110000+00:00,2023-07-19T17:17:37.0824724+00:00,k_price,,../../apps/v1/attachments/cazrfhxkl298sp1d1rcr73pwv/download,,3155565e97f04240872d1e58e8582c78,Site Photo,,,2023-12-06T02:30:57.0572922+00:00,,,,,,,,,,,,,https://nwfwmd.aquaticinformatics.net/AQUARIUS/apps/v1/attachments/cazrfhxkl298sp1d1rcr73pwv/download
011336,Image,LocationPhoto,011336_SITE.jpg,a37b56619de5408ea723e6e88bf7ad1a,2023-07-19T16:22:26.1530000+00:00,2023-07-19T17:21:35.3283687+00:00,k_price,,../../apps/v1/attachments/36beygjn7byo9ynppwlphvy2m/download,,3155565e97f04240872d1e58e8582c78,Site Photo,,,2023-12-06T02:30:58.7361978+00:00,,,,,,,,,,,,,https://nwfwmd.aquaticinformatics.net/AQUARIUS/apps/v1/attachments/36beygjn7byo9ynppwlphvy2m/download
011336,Image,LocationPhoto,011336_MP.jpg,104500a118274a7383ab974e7c75d212,2023-07-19T16:22:26.0950000+00:00,2023-07-19T17:21:34.8356889+00:00,k_price,,../../apps/v1/attachments/3lm4bhhpu63ihnnzsv1rlqs6y/download,,cf772ffb411b461ca9554d5c77dd8d8d,MP,,,2023-12-06T02:31:00.6204323+00:00,,,,,,,,,,,,,https://nwfwmd.aquaticinformatics.net/AQUARIUS/apps/v1/attachments/3lm4bhhpu63ihnnzsv1rlqs6y/download
000635,Image,LocationPhoto,000635_20230320_SITE_02.jpg,13986918cd6847a2a61ced281420407d,2023-07-18T19:11:04.8990000+00:00,2023-07-18T20:23:26.6869249+00:00,k_price,,../../apps/v1/attachments/1j8azrcc1600qrete5z5aqbvi/download,,3155565e97f04240872d1e58e8582c78,Site Photo,,,2023-12-06T02:31:02.3159115+00:00,,,,,,,,,,,,,https://nwfwmd.aquaticinformatics.net/AQUARIUS/apps/v1/attachments/1j8azrcc1600qrete5z5aqbvi/download
000635,Image,None,000635_20230320_SITE.jpg,6f6b48286a9a48edb80ee7edd942b675,2023-07-18T19:11:04.7520000+00:00,2023-07-18T20:23:24.1542306+00:00,k_price,,../../apps/v1/attachments/4upsdyi7sa1qu09wxvy0dtgdp/download,,3155565e97f04240872d1e58e8582c78,Site Photo,,,2023-12-06T02:31:05.0083708+00:00,,,,,,,,,,,,,https://nwfwmd.aquaticinformatics.net/AQUARIUS/apps/v1/attachments/4upsdyi7sa1qu09wxvy0dtgdp/download
000635,Image,None,000635_20230320_SITE_01.jpg,bdb3570f59e949208f3a42d1f8d933b3,2023-07-18T19:11:04.8330000+00:00,2023-07-18T20:23:23.9761530+00:00,k_price,,../../apps/v1/attachments/b3gjys4kqvwhe0pa43lhyo614/download,,3155565e97f04240872d1e58e8582c78,Site Photo,,,2023-12-06T02:31:08.5882922+00:00,,,,,,,,,,,,,https://nwfwmd.aquaticinformatics.net/AQUARIUS/apps/v1/attachments/b3gjys4kqvwhe0pa43lhyo614/download
000635,Image,None,000635_20230320_MP.jpg,b5be8f8d2e434655b922a4234e35d313,2023-07-18T19:11:04.6630000+00:00,2023-07-18T20:23:23.8644084+00:00,k_price,,../../apps/v1/attachments/bb1js73v27y5auzu3t2314zng/download,,cf772ffb411b461ca9554d5c77dd8d8d,MP,,,2023-12-06T02:31:11.0045536+00:00,,,,,,,,,,,,,https://nwfwmd.aquaticinformatics.net/AQUARIUS/apps/v1/attachments/bb1js73v27y5auzu3t2314zng/download
007493,Image,None,007493_SITE.jpg,bc79398d55c54454adc1f0301c89dacb,2023-07-19T16:22:24.3750000+00:00,2023-07-19T16:30:46.2537680+00:00,k_price,,../../apps/v1/attachments/869h8qfv37vanddnauk7at5hy/download,,3155565e97f04240872d1e58e8582c78,Site Photo,,,2023-12-06T02:31:13.2398804+00:00,,,,,,,,,,,,,https://nwfwmd.aquaticinformatics.net/AQUARIUS/apps/v1/attachments/869h8qfv37vanddnauk7at5hy/download
007493,Image,LocationPhoto,007493_MP.jpg,f3cefac967fe4d92827cd6a411155253,2023-07-19T16:22:24.3190000+00:00,2023-07-19T16:30:45.6735736+00:00,k_price,MP#119ca0d5d9d64c8ba8ec396d87880dbc,../../apps/v1/attachments/718gtlm70wt5x5bdf4x8i2aci/download,,cf772ffb411b461ca9554d5c77dd8d8d,MP,,,2023-12-06T02:31:15.4787237+00:00,,,,,,,,,,,,,https://nwfwmd.aquaticinformatics.net/AQUARIUS/apps/v1/attachments/718gtlm70wt5x5bdf4x8i2aci/download
012082,Image,LocationPhoto,012082_SITE.jpg,3368266b5a43435d81fbf6a89deb0622,2023-07-19T16:22:26.5250000+00:00,2023-07-19T17:35:33.2121775+00:00,k_price,,../../apps/v1/attachments/e73m7qx0dkpdouwmhxcjp2v45/download,,3155565e97f04240872d1e58e8582c78,Site Photo,,,2023-12-06T02:31:17.2922145+00:00,,,,,,,,,,,,,https://nwfwmd.aquaticinformatics.net/AQUARIUS/apps/v1/attachments/e73m7qx0dkpdouwmhxcjp2v45/download
012082,Image,None,012082_MP.jpg,85b28b194b4d4717a0e0bb0572ae7f67,2023-07-19T16:22:26.4720000+00:00,2023-07-19T17:35:32.5471380+00:00,k_price,,../../apps/v1/attachments/5u9ftqifegw4gx9hxtlwbdhoa/download,,cf772ffb411b461ca9554d5c77dd8d8d,MP,,,2023-12-06T02:31:19.1897821+00:00,,,,,,,,,,,,,https://nwfwmd.aquaticinformatics.net/AQUARIUS/apps/v1/attachments/5u9ftqifegw4gx9hxtlwbdhoa/download
000728,Image,None,000728_20230323_SITE.jpg,b542564982ca484f83fbd49bf657e071,2023-07-18T19:11:05.3360000+00:00,2023-07-18T20:36:13.3354641+00:00,k_price,,../../apps/v1/attachments/3eposcr43462hnxrmg9x8ixu/download,,3155565e97f04240872d1e58e8582c78,Site Photo,,,2023-12-06T02:31:21.0091624+00:00,,,,,,,,,,,,,https://nwfwmd.aquaticinformatics.net/AQUARIUS/apps/v1/attachments/3eposcr43462hnxrmg9x8ixu/download
000728,Image,LocationPhoto,000728_20230323_MP.jpg,a10a30b0619d424296f24914997b4523,2023-07-18T19:11:05.2280000+00:00,2023-07-18T20:35:47.9856525+00:00,k_price,,../../apps/v1/attachments/2iyfdo1kx1rh54ezv0uv1gtl0/download,,cf772ffb411b461ca9554d5c77dd8d8d,MP,,,2023-12-06T02:31:23.1039443+00:00,,,,,,,,,,,,,https://nwfwmd.aquaticinformatics.net/AQUARIUS/apps/v1/attachments/2iyfdo1kx1rh54ezv0uv1gtl0/download
012685,Image,LocationPhoto,012685_MP.jpg,55ddf185410143f6b150f88e2c4e7fcd,2023-07-19T17:43:41.5270000+00:00,2023-07-19T17:44:18.4781029+00:00,k_price,,../../apps/v1/attachments/1vkt8fk5vppyyvxhbc76gcnis/download,,cf772ffb411b461ca9554d5c77dd8d8d,MP,,,2023-12-06T02:31:25.1767820+00:00,,,,,,,,,,,,,https://nwfwmd.aquaticinformatics.net/AQUARIUS/apps/v1/attachments/1vkt8fk5vppyyvxhbc76gcnis/download
012685,Image,None,012685_SITE.jpg,5dad8b5b1eff4d6b9f936087338880c2,2023-07-19T16:22:26.6510000+00:00,2023-07-19T17:41:26.8291166+00:00,k_price,,../../apps/v1/attachments/b2xvgti27aer7yp8jv2xqybcz/download,,3155565e97f04240872d1e58e8582c78,Site Photo,,,2023-12-06T02:31:26.4279207+00:00,,,,,,,,,,,,,https://nwfwmd.aquaticinformatics.net/AQUARIUS/apps/v1/attachments/b2xvgti27aer7yp8jv2xqybcz/download
008459,Image,None,008459_20230815_2_SITE.jpg,6a9154bdb96648389b605f67d98594a0,2023-11-30T17:05:28.6900000+00:00,2023-11-30T17:09:56.0811339+00:00,k_price,,../../apps/v1/attachments/8kpj1u0mwjo04hgr72kcbhd8i/download,,3155565e97f04240872d1e58e8582c78,Site Photo,,,2023-12-06T02:31:28.7757280+00:00,,,,,,,,,,,,,https://nwfwmd.aquaticinformatics.net/AQUARIUS/apps/v1/attachments/8kpj1u0mwjo04hgr72kcbhd8i/download
008459,Image,None,008459_20230504_3_SITE.jpg,418549e501d8438db5758d6311d5248c,2023-11-30T17:07:22.2170000+00:00,2023-11-30T17:09:54.6168630+00:00,k_price,,../../apps/v1/attachments/1edm7itvla2r3d80wknzpvhz7/download,,3155565e97f04240872d1e58e8582c78,Site Photo,,,2023-12-06T02:31:30.9835570+00:00,,,,,,,,,,,,,https://nwfwmd.aquaticinformatics.net/AQUARIUS/apps/v1/attachments/1edm7itvla2r3d80wknzpvhz7/download
008459,Image,None,008459_20230815_SITE.jpg,834d3196420645118d5bc8d94a8b753f,2023-11-30T17:05:28.7630000+00:00,2023-11-30T17:09:54.5267278+00:00,k_price,,../../apps/v1/attachments/9aggwqrkwpbb7cfdk4t1xxjil/download,,3155565e97f04240872d1e58e8582c78,Site Photo,,,2023-12-06T02:31:32.8780432+00:00,,,,,,,,,,,,,https://nwfwmd.aquaticinformatics.net/AQUARIUS/apps/v1/attachments/9aggwqrkwpbb7cfdk4t1xxjil/download
008459,Image,None,008459_20230815_MP.jpg,c576f2fbca6d470e9512e5ab63903a67,2023-11-30T17:05:28.6230000+00:00,2023-11-30T17:09:54.1378470+00:00,k_price,MP#9c311bcaf6d24d189b79381bc4127eb7,../../apps/v1/attachments/bl42ps5iyex8mryibbrohxr5n/download,,cf772ffb411b461ca9554d5c77dd8d8d,MP,,,2023-12-06T02:31:34.9816044+00:00,,,,,,,,,,,,,https://nwfwmd.aquaticinformatics.net/AQUARIUS/apps/v1/attachments/bl42ps5iyex8mryibbrohxr5n/download
008459,Image,None,008459_20230504_AlumAng_MP.jpg,bc18a64c92924d33b47123d41f63abba,2023-11-30T17:07:21.6700000+00:00,2023-11-30T17:09:53.2879480+00:00,k_price,MP#9c311bcaf6d24d189b79381bc4127eb7,../../apps/v1/attachments/5aqc9di36v27vq87l16n01h2n/download,,cf772ffb411b461ca9554d5c77dd8d8d,MP,,,2023-12-06T02:31:37.3130848+00:00,,,,,,,,,,,,,https://nwfwmd.aquaticinformatics.net/AQUARIUS/apps/v1/attachments/5aqc9di36v27vq87l16n01h2n/download
012684,Image,LocationPhoto,012684_SITE.jpg,e8848d83cd6c4594b31dbe0de399f4dc,2023-07-19T16:22:24.0910000+00:00,2023-07-19T17:49:59.7021173+00:00,k_price,,../../apps/v1/attachments/emrf181gv56cui6gfrr7y6hnf/download,,3155565e97f04240872d1e58e8582c78,Site Photo,,,2023-12-06T02:31:38.6026120+00:00,,,,,,,,,,,,,https://nwfwmd.aquaticinformatics.net/AQUARIUS/apps/v1/attachments/emrf181gv56cui6gfrr7y6hnf/download
012684,Image,LocationPhoto,012684_SITE2.jpg,03149b387a694e919aa80017173722cf,2023-07-19T16:22:24.0170000+00:00,2023-07-19T17:49:59.6432382+00:00,k_price,,../../apps/v1/attachments/10amdfi2sw0t5akwkxa871ytv/download,,3155565e97f04240872d1e58e8582c78,Site Photo,,,2023-12-06T02:31:40.8709484+00:00,,,,,,,,,,,,,https://nwfwmd.aquaticinformatics.net/AQUARIUS/apps/v1/attachments/10amdfi2sw0t5akwkxa871ytv/download
008495,Image,None,008495_SITE.jpg,a49a5c64ee7d4458af043e1eb2b45244,2023-07-19T16:22:25.6290000+00:00,2023-07-19T17:05:27.2865634+00:00,k_price,MP#50cc6f84512046518b5061d51ccdc503,../../apps/v1/attachments/6qdiyhoe14lm7gpicpne3j8p6/download,,cf772ffb411b461ca9554d5c77dd8d8d,MP,3155565e97f04240872d1e58e8582c78,Site Photo,2023-12-06T02:31:42.7857730+00:00,,,,,,,,,,,,,https://nwfwmd.aquaticinformatics.net/AQUARIUS/apps/v1/attachments/6qdiyhoe14lm7gpicpne3j8p6/download
008495,Image,LocationPhoto,008495_MP.jpg,63a9ef2192484ebea5f13e27413b4a2a,2023-07-19T16:22:25.5810000+00:00,2023-07-19T17:05:24.5329237+00:00,k_price,MP#50cc6f84512046518b5061d51ccdc503,../../apps/v1/attachments/eqsba25w8my3hcwrzgh6sfi0l/download,,cf772ffb411b461ca9554d5c77dd8d8d,MP,,,2023-12-06T02:31:44.5576508+00:00,,,,,,,,,,,,,https://nwfwmd.aquaticinformatics.net/AQUARIUS/apps/v1/attachments/eqsba25w8my3hcwrzgh6sfi0l/download
011313,Image,None,011313__20231129_SITE.jpeg,417832ea43c348778e0aca4df11391b8,2023-11-30T17:13:10.3490000+00:00,2023-11-30T17:18:33.6904279+00:00,k_price,,../../apps/v1/attachments/bor5o3men6uq5y6nfhdiwrvxm/download,,3155565e97f04240872d1e58e8582c78,Site Photo,,,2023-12-06T02:31:47.5412904+00:00,,,,,,,,,,,,,https://nwfwmd.aquaticinformatics.net/AQUARIUS/apps/v1/attachments/bor5o3men6uq5y6nfhdiwrvxm/download
011313,Image,None,011313_20231129_Logger_Close_up_SITE.jpeg,2cee8f3aca1a40bdba9838c5ebccfaf4,2023-11-30T17:13:10.3270000+00:00,2023-11-30T17:18:33.6746805+00:00,k_price,,../../apps/v1/attachments/dcm8mlxu4nfwaf0w6aqcqs6u1/download,,3155565e97f04240872d1e58e8582c78,Site Photo,,,2023-12-06T02:31:48.6494788+00:00,,,,,,,,,,,,,https://nwfwmd.aquaticinformatics.net/AQUARIUS/apps/v1/attachments/dcm8mlxu4nfwaf0w6aqcqs6u1/download
011313,Image,None,011313_20231129_TB_Location_SITE_orig.jpeg,00a9d4242de44543880caac2aabf1325,2023-11-30T17:13:10.3650000+00:00,2023-11-30T17:18:33.6746805+00:00,k_price,,../../apps/v1/attachments/7v7tudiw4kg41c8zzr2keppan/download,,3155565e97f04240872d1e58e8582c78,Site Photo,,,2023-12-06T02:31:49.6348288+00:00,,,,,,,,,,,,,https://nwfwmd.aquaticinformatics.net/AQUARIUS/apps/v1/attachments/7v7tudiw4kg41c8zzr2keppan/download
009606,Image,None,009606_20230322_SITE.jpg,c219a93ae825498085830e0a78412b87,2023-07-18T19:11:11.3470000+00:00,2023-07-18T21:25:00.8453023+00:00,k_price,,../../apps/v1/attachments/4947nneyhzjtko620idla1g1y/download,,3155565e97f04240872d1e58e8582c78,Site Photo,,,2023-12-06T02:31:50.7644398+00:00,,,,,,,,,,,,,https://nwfwmd.aquaticinformatics.net/AQUARIUS/apps/v1/attachments/4947nneyhzjtko620idla1g1y/download
009606,Image,LocationPhoto,009606_20230322_MP.jpg,25f3fef6276549db95cde05b329449a4,2023-07-18T19:11:11.2900000+00:00,2023-07-18T21:25:00.6197114+00:00,k_price,MP#b5f63224e4614f5c875e74a25291049c,../../apps/v1/attachments/aqrqixiioq3iadyfvps8s429j/download,,cf772ffb411b461ca9554d5c77dd8d8d,MP,,,2023-12-06T02:31:52.7641058+00:00,,,,,,,,,,,,,https://nwfwmd.aquaticinformatics.net/AQUARIUS/apps/v1/attachments/aqrqixiioq3iadyfvps8s429j/download
003340,Image,None,003340_003341_007711_Overview_Looking_North_SITE.jpg,0a7400364427488fb99bdda877d8abed,2023-11-30T17:31:22.8570000+00:00,2023-11-30T17:39:56.6438507+00:00,k_price,,../../apps/v1/attachments/131n2o2e1flu3gttnmjughyb5/download,,3155565e97f04240872d1e58e8582c78,Site Photo,,,2023-12-06T02:32:07.9265840+00:00,30.51846388888889,-84.4636,,,,,,,,,,,https://nwfwmd.aquaticinformatics.net/AQUARIUS/apps/v1/attachments/131n2o2e1flu3gttnmjughyb5/download
003340,Image,None,003340_20231129_SITE.jpg,8c7e9ffcb41e420b937d4b29e8aef1f1,2023-11-30T17:13:10.1610000+00:00,2023-11-30T17:39:55.5092283+00:00,k_price,,../../apps/v1/attachments/9wgqzohfub2yvut5sry6zy3r1/download,,3155565e97f04240872d1e58e8582c78,Site Photo,,,2023-12-06T02:32:10.5864945+00:00,30.518694444444442,-84.46351666666666,,,,,,,,,,,https://nwfwmd.aquaticinformatics.net/AQUARIUS/apps/v1/attachments/9wgqzohfub2yvut5sry6zy3r1/download
003340,Image,None,003340_20231129_MP.jpg,508daf07ddd94c5a91717ad73057c915,2023-11-30T17:21:42.1810000+00:00,2023-11-30T17:39:55.0766074+00:00,k_price,MP#5306e294464c48dba01f4181e431d0f4,../../apps/v1/attachments/126gwku8vdsmpsus71kxkioi4/download,,cf772ffb411b461ca9554d5c77dd8d8d,MP,,,2023-12-06T02:32:12.2598840+00:00,,,,,,,,,,,,,https://nwfwmd.aquaticinformatics.net/AQUARIUS/apps/v1/attachments/126gwku8vdsmpsus71kxkioi4/download
003340,Image,None,003340_003341_007711_Overview_Looking_South_SITE.jpg,1ed2fd1ede94485b94ff5fbcd6eedf69,2023-11-30T17:38:52.2660000+00:00,2023-11-30T17:39:54.7032203+00:00,k_price,,../../apps/v1/attachments/59aslx18uhueyzsd8qgfjr49c/download,,3155565e97f04240872d1e58e8582c78,Site Photo,,,2023-12-06T02:32:13.3110096+00:00,,,,,,,,,,,,,https://nwfwmd.aquaticinformatics.net/AQUARIUS/apps/v1/attachments/59aslx18uhueyzsd8qgfjr49c/download
009442,Image,LocationPhoto,009442_20230322_SITE.jpg,7c4a0530740f49c6955fab9cd49a9d6c,2023-07-18T19:11:11.0830000+00:00,2023-07-18T21:17:37.3939342+00:00,k_price,,../../apps/v1/attachments/6c09d85owjy6o2ifq4bdquzct/download,,3155565e97f04240872d1e58e8582c78,Site Photo,,,2023-12-06T02:32:14.6019619+00:00,,,,,,,,,,,,,https://nwfwmd.aquaticinformatics.net/AQUARIUS/apps/v1/attachments/6c09d85owjy6o2ifq4bdquzct/download
009442,Image,None,009442_20230322_MP.jpg,4f0837edaea948b3982356a4e979f2ca,2023-07-18T19:11:10.9950000+00:00,2023-07-18T21:17:36.3983324+00:00,k_price,,../../apps/v1/attachments/bnka9j1k453qrxdyk1qooeud7/download,,cf772ffb411b461ca9554d5c77dd8d8d,MP,,,2023-12-06T02:32:17.2263315+00:00,,,,,,,,,,,,,https://nwfwmd.aquaticinformatics.net/AQUARIUS/apps/v1/attachments/bnka9j1k453qrxdyk1qooeud7/download
009506,Image,None,009506_20230322_SITE.jpg,f51db09a8fbb4c7d8676bf4c09dc548c,2023-07-18T19:11:11.2330000+00:00,2023-07-18T21:21:32.6393020+00:00,k_price,,../../apps/v1/attachments/kjguchjk12g7hlmldq0y6kvw/download,,3155565e97f04240872d1e58e8582c78,Site Photo,,,2023-12-06T02:32:18.9045001+00:00,,,,,,,,,,,,,https://nwfwmd.aquaticinformatics.net/AQUARIUS/apps/v1/attachments/kjguchjk12g7hlmldq0y6kvw/download
009506,Image,LocationPhoto,009506_20230322_MP.jpg,321bb269b0a8495a8c774bbd866b05b1,2023-07-18T19:11:11.1480000+00:00,2023-07-18T21:21:32.3382606+00:00,k_price,,../../apps/v1/attachments/6szrjvjo42zq68hmnj401vl2p/download,,cf772ffb411b461ca9554d5c77dd8d8d,MP,,,2023-12-06T02:32:21.7180517+00:00,,,,,,,,,,,,,https://nwfwmd.aquaticinformatics.net/AQUARIUS/apps/v1/attachments/6szrjvjo42zq68hmnj401vl2p/download
009132,Image,LocationPhoto,009132_20230321_MP.png,6ad3071e0a334075905684d501f299a8,2023-07-19T15:37:11.0210000+00:00,2023-07-19T15:37:43.1346746+00:00,k_price,,../../apps/v1/attachments/3uwuskcnnahw7buwkg3mgtx9w/download,,cf772ffb411b461ca9554d5c77dd8d8d,MP,,,2023-12-06T02:32:23.8019603+00:00,,,,,,,,,,,,,https://nwfwmd.aquaticinformatics.net/AQUARIUS/apps/v1/attachments/3uwuskcnnahw7buwkg3mgtx9w/download
009132,Image,None,009132_20230321_SITE_1.JPG,f709eb73b1ad40f1b479d1baea24b25c,2023-07-18T19:11:10.6790000+00:00,2023-07-19T15:37:42.3590962+00:00,k_price,,../../apps/v1/attachments/8sys7opnixpv8f9i9yjt7hysf/download,,3155565e97f04240872d1e58e8582c78,Site Photo,,,2023-12-06T02:32:27.3759049+00:00,30.660213888888887,-84.20813055555556,,,,,,,,,,,https://nwfwmd.aquaticinformatics.net/AQUARIUS/apps/v1/attachments/8sys7opnixpv8f9i9yjt7hysf/download
009132,Image,LocationPhoto,009132_20230321_SITE.JPG,bd37ffcd10d547ebae4236c8accd77ae,2023-07-18T19:11:10.6130000+00:00,2023-07-19T15:37:41.9300659+00:00,k_price,,../../apps/v1/attachments/cpf7a0vtkcuvmo5v2o5p4cq62/download,,3155565e97f04240872d1e58e8582c78,Site Photo,,,2023-12-06T02:32:29.4413824+00:00,30.66022222222222,-84.20818333333334,,,,,,,,,,,https://nwfwmd.aquaticinformatics.net/AQUARIUS/apps/v1/attachments/cpf7a0vtkcuvmo5v2o5p4cq62/download
011355,Image,LocationPhoto,011355_Staff_MP.jpg,a76270946a1644fdb7b5084bf17ee4d6,2023-07-19T16:22:26.2900000+00:00,2023-07-19T17:27:22.5410956+00:00,k_price,MP#18b2933eb33d44dfa3db119237a5c645,../../apps/v1/attachments/2lbk3bmn2nsbd1eb8ntahxcja/download,,cf772ffb411b461ca9554d5c77dd8d8d,MP,,,2023-12-06T02:32:31.3879391+00:00,,,,,,,,,,,,,https://nwfwmd.aquaticinformatics.net/AQUARIUS/apps/v1/attachments/2lbk3bmn2nsbd1eb8ntahxcja/download
011355,Image,None,011355_SITE.jpg,628a1c2d14834ee1ba76eaeea28d82a9,2023-07-19T16:22:26.3230000+00:00,2023-07-19T17:27:22.1161988+00:00,k_price,MP#1662e71cb10c4e5b822f14ec9c3ed367,../../apps/v1/attachments/87a00xqd32mw35gz1h63a181k/download,,cf772ffb411b461ca9554d5c77dd8d8d,MP,3155565e97f04240872d1e58e8582c78,Site Photo,2023-12-06T02:32:33.1856585+00:00,,,,,,,,,,,,,https://nwfwmd.aquaticinformatics.net/AQUARIUS/apps/v1/attachments/87a00xqd32mw35gz1h63a181k/download
011355,Image,None,011355_ChSq_MP.jpg,23536db4b4654f61b6c51026ce3d20c2,2023-07-19T16:22:26.2380000+00:00,2023-07-19T17:27:21.4414494+00:00,k_price,MP#1662e71cb10c4e5b822f14ec9c3ed367,../../apps/v1/attachments/6gt1xvx05wji8017t6llvl15o/download,,cf772ffb411b461ca9554d5c77dd8d8d,MP,,,2023-12-06T02:32:34.5690446+00:00,,,,,,,,,,,,,https://nwfwmd.aquaticinformatics.net/AQUARIUS/apps/v1/attachments/6gt1xvx05wji8017t6llvl15o/download
003341,Image,None,003340_003341_007711_Overview_Looking_North_SITE.jpg,ed53af6692c948a0940abbce832bea28,2023-11-30T17:31:22.8570000+00:00,2023-11-30T17:42:15.4914686+00:00,k_price,,../../apps/v1/attachments/1si3hju2s6x7ze2bezcc4iyrt/download,,3155565e97f04240872d1e58e8582c78,Site Photo,,,2023-12-06T02:32:36.1249346+00:00,30.51846388888889,-84.4636,,,,,,,,,,,https://nwfwmd.aquaticinformatics.net/AQUARIUS/apps/v1/attachments/1si3hju2s6x7ze2bezcc4iyrt/download
003341,Image,None,003341__20231129_SITE.jpg,22ce6c28c7d64cf1a9556e75f3fa94bc,2023-11-30T17:13:10.2550000+00:00,2023-11-30T17:42:14.5270411+00:00,k_price,,../../apps/v1/attachments/ebire2dg3v1odhpseqcctkom0/download,,3155565e97f04240872d1e58e8582c78,Site Photo,,,2023-12-06T02:32:38.4669418+00:00,30.518516666666667,-84.4636,,,,,,,,,,,https://nwfwmd.aquaticinformatics.net/AQUARIUS/apps/v1/attachments/ebire2dg3v1odhpseqcctkom0/download
003341,Image,None,003341_20231129_MP.jpeg,7db3d1ebad2b4b15b3976abd33bca5ce,2023-11-30T17:13:10.1770000+00:00,2023-11-30T17:42:13.4549628+00:00,k_price,MP#45374330d6224a478ee3e00ece555dde,../../apps/v1/attachments/4uay5huvcdbrj85mwgdyne1mg/download,,cf772ffb411b461ca9554d5c77dd8d8d,MP,,,2023-12-06T02:32:40.6422799+00:00,,,,,,,,,,,,,https://nwfwmd.aquaticinformatics.net/AQUARIUS/apps/v1/attachments/4uay5huvcdbrj85mwgdyne1mg/download
003341,Image,None,003340_003341_007711_Overview_Looking_South_SITE.jpg,736044a7e50342afbc9c4c2ca5ae3350,2023-11-30T17:38:52.2660000+00:00,2023-11-30T17:42:13.2900754+00:00,k_price,,../../apps/v1/attachments/50iwfkszfyoycgihmov2gp315/download,,3155565e97f04240872d1e58e8582c78,Site Photo,,,2023-12-06T02:32:41.6116693+00:00,,,,,,,,,,,,,https://nwfwmd.aquaticinformatics.net/AQUARIUS/apps/v1/attachments/50iwfkszfyoycgihmov2gp315/download
007711,Image,None,003340_003341_007711_Overview_Looking_North_SITE.jpg,42a8508bc2ed4bfaa4d07e84703d0726,2023-11-30T17:31:22.8570000+00:00,2023-11-30T17:44:22.1432750+00:00,k_price,,../../apps/v1/attachments/3dwje7dtqpjuh20ej05ali8s6/download,,3155565e97f04240872d1e58e8582c78,Site Photo,,,2023-12-06T02:32:42.9154039+00:00,30.51846388888889,-84.4636,,,,,,,,,,,https://nwfwmd.aquaticinformatics.net/AQUARIUS/apps/v1/attachments/3dwje7dtqpjuh20ej05ali8s6/download
007711,Image,None,007711_20231129_MP.jpeg,adcb626c7f2f4974b3fa61c40fd372be,2023-11-30T17:13:10.2860000+00:00,2023-11-30T17:44:20.9780564+00:00,k_price,MP#1a1152f5e8dd4a69840eeee503115ac9,../../apps/v1/attachments/5cqjgc25uijakqoeyxnj0luwz/download,,cf772ffb411b461ca9554d5c77dd8d8d,MP,,,2023-12-06T02:32:45.2638381+00:00,30.51855833333333,-84.46355555555556,,,,,,,,,,,https://nwfwmd.aquaticinformatics.net/AQUARIUS/apps/v1/attachments/5cqjgc25uijakqoeyxnj0luwz/download
007711,Image,None,007711_20231129_SITE.jpeg,1e57ec445e9a4bb49a7c7f54b31c82df,2023-11-30T17:13:10.3180000+00:00,2023-11-30T17:44:20.8567413+00:00,k_price,,../../apps/v1/attachments/avkkim2av8z3zly3ocm6x13cl/download,,3155565e97f04240872d1e58e8582c78,Site Photo,,,2023-12-06T02:32:46.9287527+00:00,,,,,,,,,,,,,https://nwfwmd.aquaticinformatics.net/AQUARIUS/apps/v1/attachments/avkkim2av8z3zly3ocm6x13cl/download
007711,Image,None,003340_003341_007711_Overview_Looking_South_SITE.jpg,dc92791b90f54892bf3916fbeb919896,2023-11-30T17:38:52.2660000+00:00,2023-11-30T17:44:20.5672424+00:00,k_price,,../../apps/v1/attachments/5vfsho5y4yje329h9mykshasq/download,,3155565e97f04240872d1e58e8582c78,Site Photo,,,2023-12-06T02:32:48.7018961+00:00,,,,,,,,,,,,,https://nwfwmd.aquaticinformatics.net/AQUARIUS/apps/v1/attachments/5vfsho5y4yje329h9mykshasq/download
012796,Image,LocationPhoto,012796_012949_20230328_MP.png,0f85d454a5604be688f991f38acfa36e,2023-07-19T16:10:35.0780000+00:00,2023-07-19T16:11:34.4471022+00:00,k_price,MP#2dc2533da324492f9c211f4260c7c99b,../../apps/v1/attachments/2so6ley6bpe0omul1cbnu9idp/download,,cf772ffb411b461ca9554d5c77dd8d8d,MP,,,2023-12-06T02:32:49.9826762+00:00,,,,,,,,,,,,,https://nwfwmd.aquaticinformatics.net/AQUARIUS/apps/v1/attachments/2so6ley6bpe0omul1cbnu9idp/download
007795,Image,None,007795_20230816_EnclosureTB_SITE.jpg,78e5474acc7741c5982f3ff4679f0d07,2023-11-30T19:12:07.4950000+00:00,2023-11-30T19:31:03.8461930+00:00,k_price,,../../apps/v1/attachments/dyam5pmzcn7cc0a2mp3excakp/download,,3155565e97f04240872d1e58e8582c78,Site Photo,,,2023-12-06T02:32:55.4592445+00:00,,,,,,,,,,,,,https://nwfwmd.aquaticinformatics.net/AQUARIUS/apps/v1/attachments/dyam5pmzcn7cc0a2mp3excakp/download
007795,Image,None,007795_20230816_AnchorPipe_MP.jpg,f9b95049c4ad43598498fb7aa2662459,2023-11-30T19:12:08.1050000+00:00,2023-11-30T19:31:03.5202976+00:00,k_price,MP#ac842d358fdb4f1a8af157d55fd5b6f4,../../apps/v1/attachments/eegi2lbnwkhjel539n6dsucey/download,,cf772ffb411b461ca9554d5c77dd8d8d,MP,,,2023-12-06T02:32:57.4684019+00:00,,,,,,,,,,,,,https://nwfwmd.aquaticinformatics.net/AQUARIUS/apps/v1/attachments/eegi2lbnwkhjel539n6dsucey/download
007795,Image,None,007795_20230816_AnchorPipe_2_MP.jpg,c9bb208ac81f438b8d16f3768b5bfcfb,2023-11-30T19:25:56.8690000+00:00,2023-11-30T19:31:03.4707959+00:00,k_price,MP#ac842d358fdb4f1a8af157d55fd5b6f4,../../apps/v1/attachments/7qs7afykzxprtf9b2os44eix3/download,,cf772ffb411b461ca9554d5c77dd8d8d,MP,,,2023-12-06T02:32:59.7981987+00:00,,,,,,,,,,,,,https://nwfwmd.aquaticinformatics.net/AQUARIUS/apps/v1/attachments/7qs7afykzxprtf9b2os44eix3/download
007795,Image,None,007795_20230816_Access_SITE.jpg,c9ccc405a5ac402eb9716f291bc32a75,2023-11-30T19:12:06.6830000+00:00,2023-11-30T19:31:01.6303114+00:00,k_price,,../../apps/v1/attachments/lwk3sb5xf810gl9b5upr31b7/download,,3155565e97f04240872d1e58e8582c78,Site Photo,,,2023-12-06T02:33:01.9545117+00:00,,,,,,,,,,,,,https://nwfwmd.aquaticinformatics.net/AQUARIUS/apps/v1/attachments/lwk3sb5xf810gl9b5upr31b7/download
007795,Image,None,007795_20230816_Transducer_SITE.jpg,e9c5623878ce4c7fa228f990dd11c198,2023-11-30T19:12:05.3550000+00:00,2023-11-30T19:31:00.5473346+00:00,k_price,,../../apps/v1/attachments/9iin3dxbahhrye2m68wxzk9u2/download,,3155565e97f04240872d1e58e8582c78,Site Photo,,,2023-12-06T02:33:03.9000784+00:00,,,,,,,,,,,,,https://nwfwmd.aquaticinformatics.net/AQUARIUS/apps/v1/attachments/9iin3dxbahhrye2m68wxzk9u2/download
007795,Image,None,007795_20230816_RRSpike_MP.jpg,7923ed85d84b401dbfa838e6c1a830d2,2023-11-30T19:12:06.2610000+00:00,2023-11-30T19:31:00.0543611+00:00,k_price,MP#4b77bbfbdc054e1a8be90e5b18916adf,../../apps/v1/attachments/5drg1kr9uuvheqo3j6q9yr2m2/download,,cf772ffb411b461ca9554d5c77dd8d8d,MP,,,2023-12-06T02:33:05.9449638+00:00,,,,,,,,,,,,,https://nwfwmd.aquaticinformatics.net/AQUARIUS/apps/v1/attachments/5drg1kr9uuvheqo3j6q9yr2m2/download
007795,Image,None,007795_20230816_Pipe_MP.jpg,fefc5344059e44c89014fa6368c03836,2023-11-30T19:12:05.5270000+00:00,2023-11-30T19:30:59.5315766+00:00,k_price,MP#6028a9cdf65c446196e33a1c4d6e5c0a,../../apps/v1/attachments/cmc62uvjqy522htgyj9nhkjaz/download,,cf772ffb411b461ca9554d5c77dd8d8d,MP,,,2023-12-06T02:33:07.9081104+00:00,,,,,,,,,,,,,https://nwfwmd.aquaticinformatics.net/AQUARIUS/apps/v1/attachments/cmc62uvjqy522htgyj9nhkjaz/download
007795,Image,None,007795_20230816_MetalDisk_MP.jpg,c7540c0399a6444cbc1cfe78f18f0c37,2023-11-30T19:12:06.4640000+00:00,2023-11-30T19:30:58.2291483+00:00,k_price,MP#82cf20cf0bfe4e78b1a603e315844da5,../../apps/v1/attachments/a4o3nczg3b7o3s8kdgwsak61m/download,,cf772ffb411b461ca9554d5c77dd8d8d,MP,,,2023-12-06T02:33:10.0846969+00:00,,,,,,,,,,,,,https://nwfwmd.aquaticinformatics.net/AQUARIUS/apps/v1/attachments/a4o3nczg3b7o3s8kdgwsak61m/download
007795,Image,None,007795_20230816_HoseClamp_COMPROMISED_MP.jpg,092f44c267bf4610be62c67afe8fcd3d,2023-11-30T19:12:06.1200000+00:00,2023-11-30T19:30:56.9752538+00:00,k_price,MP#f77451308c094433abfd799a4e777323,../../apps/v1/attachments/e4slzq2fia3w73tiwtcp29ibg/download,,cf772ffb411b461ca9554d5c77dd8d8d,MP,,,2023-12-06T02:33:12.1774210+00:00,,,,,,,,,,,,,https://nwfwmd.aquaticinformatics.net/AQUARIUS/apps/v1/attachments/e4slzq2fia3w73tiwtcp29ibg/download
007795,Image,None,007795_20230816_JunctionBoxSITE.jpg,8628cedfcfa144bdbbbb3ccd8ca9dea5,2023-11-30T19:29:29.5900000+00:00,2023-11-30T19:30:56.8201241+00:00,k_price,,../../apps/v1/attachments/5qpvmtpegydqlxnqm22k8g0uu/download,,3155565e97f04240872d1e58e8582c78,Site Photo,,,2023-12-06T02:33:14.1927110+00:00,,,,,,,,,,,,,https://nwfwmd.aquaticinformatics.net/AQUARIUS/apps/v1/attachments/5qpvmtpegydqlxnqm22k8g0uu/download
007795,Image,None,007795_20230816_Gate_SITE.jpg,00a83591f5d24ee497ec0164833b065e,2023-11-30T19:12:07.2610000+00:00,2023-11-30T19:30:56.4481780+00:00,k_price,,../../apps/v1/attachments/6c7c4jryao8842xhhi384sr9o/download,,3155565e97f04240872d1e58e8582c78,Site Photo,,,2023-12-06T02:33:16.1327345+00:00,,,,,,,,,,,,,https://nwfwmd.aquaticinformatics.net/AQUARIUS/apps/v1/attachments/6c7c4jryao8842xhhi384sr9o/download
009745,Image,None,009745_20230808_SITE.jpg,cf0844b80ff14ac991277114e18c0ded,2023-08-11T20:14:04.3800000+00:00,2023-08-11T20:30:27.7646937+00:00,k_price,,../../apps/v1/attachments/dgz34hv3268xj1us2xspw86qk/download,,3155565e97f04240872d1e58e8582c78,Site Photo,,,2023-12-06T02:33:18.8745328+00:00,,,,,,,,,,,,,https://nwfwmd.aquaticinformatics.net/AQUARIUS/apps/v1/attachments/dgz34hv3268xj1us2xspw86qk/download
009745,Image,None,009745_009746_SITE.jpg,a63adfcf22bc49e58a4f73f3e9133192,2023-08-11T20:24:54.6400000+00:00,2023-08-11T20:26:34.4866850+00:00,k_price,,../../apps/v1/attachments/cn58q5vwtwkz58u95cg9j4ecn/download,,3155565e97f04240872d1e58e8582c78,Site Photo,,,2023-12-06T02:33:19.7744416+00:00,,,,,,,,,,,,,https://nwfwmd.aquaticinformatics.net/AQUARIUS/apps/v1/attachments/cn58q5vwtwkz58u95cg9j4ecn/download
009745,Image,None,009745_20230808_MP.jpg,7c80c07da2164e039ac0fd5e2e6dbd02,2023-08-11T20:19:11.4440000+00:00,2023-08-11T20:26:27.7431071+00:00,k_price,,../../apps/v1/attachments/l3ase0ql7zbk2of84ohv87eh/download,,cf772ffb411b461ca9554d5c77dd8d8d,MP,,,2023-12-06T02:33:20.5678065+00:00,,,,,,,,,,,,,https://nwfwmd.aquaticinformatics.net/AQUARIUS/apps/v1/attachments/l3ase0ql7zbk2of84ohv87eh/download
008449,Image,None,008449_20230815_SITE.jpg,2cb3780d5b3a41bd9c77c5fe0c9e9de0,2023-11-30T19:41:22.5490000+00:00,2023-11-30T19:47:20.7037235+00:00,k_price,,../../apps/v1/attachments/ex0ao6m5hd8tvguaegaomopw8/download,,3155565e97f04240872d1e58e8582c78,Site Photo,,,2023-12-06T02:33:21.4664669+00:00,,,,,,,,,,,,,https://nwfwmd.aquaticinformatics.net/AQUARIUS/apps/v1/attachments/ex0ao6m5hd8tvguaegaomopw8/download
008449,Image,None,008449_20230504_Staff_MP.jpg,1c10de17ee564fffb5db1a1c4db2b7e4,2023-11-30T19:45:55.9080000+00:00,2023-11-30T19:47:20.6538436+00:00,k_price,MP#faa8fb0af0e2481dac833e6a93daa151,../../apps/v1/attachments/cd3j10okrxtsbdf0b87so15bs/download,,cf772ffb411b461ca9554d5c77dd8d8d,MP,3155565e97f04240872d1e58e8582c78,Site Photo,2023-12-06T02:33:23.3094206+00:00,30.4548,-84.34325833333332,,,,,,,,,,,https://nwfwmd.aquaticinformatics.net/AQUARIUS/apps/v1/attachments/cd3j10okrxtsbdf0b87so15bs/download
008460,Image,None,008460_20230815_2_SITE.jpg,99d81a2e9d134db48da08c34446d2482,2023-11-30T19:53:03.5810000+00:00,2023-11-30T20:01:55.4335078+00:00,k_price,MP#9dcecae2387445e8ab5768e4953e3659,../../apps/v1/attachments/92edj14yfv4kaqmkvk0f0w8jz/download,,cf772ffb411b461ca9554d5c77dd8d8d,MP,3155565e97f04240872d1e58e8582c78,Site Photo,2023-12-06T02:33:25.2741901+00:00,,,,,,,,,,,,,https://nwfwmd.aquaticinformatics.net/AQUARIUS/apps/v1/attachments/92edj14yfv4kaqmkvk0f0w8jz/download
008460,Image,None,008460_20230815_1_SITE.jpg,121bfa7830ea4ba5a55b67964d7f1810,2023-11-30T19:53:03.4400000+00:00,2023-11-30T20:01:55.3141880+00:00,k_price,,../../apps/v1/attachments/91xiksadpf2xhs5lrfmdr14gr/download,,3155565e97f04240872d1e58e8582c78,Site Photo,,,2023-12-06T02:33:27.1249953+00:00,,,,,,,,,,,,,https://nwfwmd.aquaticinformatics.net/AQUARIUS/apps/v1/attachments/91xiksadpf2xhs5lrfmdr14gr/download
008460,Image,None,008460_20230815_AlumAng_MP.jpg,ec007d9e971e4ce58b2209401daff7c2,2023-11-30T19:53:03.3310000+00:00,2023-11-30T20:01:54.6580702+00:00,k_price,MP#9dcecae2387445e8ab5768e4953e3659,../../apps/v1/attachments/d6rxi94y0fg55dj6gm6ci1x9z/download,,cf772ffb411b461ca9554d5c77dd8d8d,MP,,,2023-12-06T02:33:28.8138700+00:00,,,,,,,,,,,,,https://nwfwmd.aquaticinformatics.net/AQUARIUS/apps/v1/attachments/d6rxi94y0fg55dj6gm6ci1x9z/download
008460,Image,LocationPhoto,008460_MP.jpg,14512593e59f4d0b8722b0df6b7194fe,2023-07-19T16:22:24.7080000+00:00,2023-07-19T16:44:29.9926702+00:00,k_price,MP#9dcecae2387445e8ab5768e4953e3659,../../apps/v1/attachments/aah5kht1bbbvy80dyydvifo8l/download,,cf772ffb411b461ca9554d5c77dd8d8d,MP,,,2023-12-06T02:33:30.4547715+00:00,,,,,,,,,,,,,https://nwfwmd.aquaticinformatics.net/AQUARIUS/apps/v1/attachments/aah5kht1bbbvy80dyydvifo8l/download
008465,Image,None,008465_Transducer_SITE.jpg,563465e6f12e47c0ad404f4547491a91,2023-11-30T20:18:27.5860000+00:00,2023-11-30T20:20:39.5552599+00:00,k_price,,../../apps/v1/attachments/bed7v7wdx725am0pyqq0aimrx/download,,3155565e97f04240872d1e58e8582c78,Site Photo,,,2023-12-06T02:33:32.2368755+00:00,,,,,,,,,,,,,https://nwfwmd.aquaticinformatics.net/AQUARIUS/apps/v1/attachments/bed7v7wdx725am0pyqq0aimrx/download
008465,Image,None,008465_20230817_AngBracket_MP.jpg,cd080e7365514534b844092dd775e917,2023-11-30T20:12:22.8260000+00:00,2023-11-30T20:16:17.9283092+00:00,k_price,MP#6bff72d6024d4570b9a763d357ad1e1b,../../apps/v1/attachments/y7bnrjuxjxuyut6xwbcz61m6/download,,cf772ffb411b461ca9554d5c77dd8d8d,MP,,,2023-12-06T02:33:33.9811162+00:00,,,,,,,,,,,,,https://nwfwmd.aquaticinformatics.net/AQUARIUS/apps/v1/attachments/y7bnrjuxjxuyut6xwbcz61m6/download
008465,Image,None,008465_20230817_1_SITE.jpg,b33257918a54407bad9c11885664e66f,2023-11-30T20:12:22.9670000+00:00,2023-11-30T20:16:16.7167063+00:00,k_price,,../../apps/v1/attachments/24x10a3dda1uyj5kt7drlr2f2/download,,3155565e97f04240872d1e58e8582c78,Site Photo,,,2023-12-06T02:33:35.8559572+00:00,,,,,,,,,,,,,https://nwfwmd.aquaticinformatics.net/AQUARIUS/apps/v1/attachments/24x10a3dda1uyj5kt7drlr2f2/download
008465,Image,None,008465_20230817_2_SITE.jpg,9f5baef64a0f406ca83a5c96ec709330,2023-11-30T20:12:22.5130000+00:00,2023-11-30T20:16:16.5384529+00:00,k_price,MP#6bff72d6024d4570b9a763d357ad1e1b,../../apps/v1/attachments/pauylg4j243tga8im5lbkssh/download,,cf772ffb411b461ca9554d5c77dd8d8d,MP,3155565e97f04240872d1e58e8582c78,Site Photo,2023-12-06T02:33:37.8549435+00:00,,,,,,,,,,,,,https://nwfwmd.aquaticinformatics.net/AQUARIUS/apps/v1/attachments/pauylg4j243tga8im5lbkssh/download
008466,Image,None,008466_ChSquare_MP.jpg,d42f319fb7404ba096b10676e198a948,2023-11-30T20:42:14.3300000+00:00,2023-11-30T21:07:34.8912377+00:00,k_price,MP#90902fe9592f464f9a8229f8bd7b8618,../../apps/v1/attachments/8g0yi5nq1cwueh3qozpud47i0/download,,cf772ffb411b461ca9554d5c77dd8d8d,MP,,,2023-12-06T02:33:39.8519200+00:00,,,,,,,,,,,,,https://nwfwmd.aquaticinformatics.net/AQUARIUS/apps/v1/attachments/8g0yi5nq1cwueh3qozpud47i0/download
008466,Image,None,008466_20230815_MeasuringPoints_SITE.jpg,1231d1a6b6da4250aceeea3e4c63eb96,2023-11-30T20:24:08.8170000+00:00,2023-11-30T21:05:40.7590654+00:00,k_price,,../../apps/v1/attachments/e6eea1lf0cz0yhfuvmvmv3x62/download,,3155565e97f04240872d1e58e8582c78,Site Photo,,,2023-12-06T02:33:41.6622595+00:00,,,,,,,,,,,,,https://nwfwmd.aquaticinformatics.net/AQUARIUS/apps/v1/attachments/e6eea1lf0cz0yhfuvmvmv3x62/download
008466,Image,None,008466_20230815_SITE.jpg,af1e7b6cc705466ebc339a26b40d3e94,2023-11-30T20:24:09.5050000+00:00,2023-11-30T21:05:28.8898150+00:00,k_price,,../../apps/v1/attachments/3jikqwrcxdg2k03xolcma41w7/download,,3155565e97f04240872d1e58e8582c78,Site Photo,,,2023-12-06T02:33:43.7424718+00:00,,,,,,,,,,,,,https://nwfwmd.aquaticinformatics.net/AQUARIUS/apps/v1/attachments/3jikqwrcxdg2k03xolcma41w7/download
008466,Image,None,008466_20231009_LowWater_2_MP.jpg,7031728e9f8b415d95b5fbc0037030f0,2023-11-30T20:27:52.2420000+00:00,2023-11-30T21:05:08.8632767+00:00,k_price,MP#d3ebaee3542d45f9809e605b0e62630c,../../apps/v1/attachments/3s1xoys4f71j1q3u23weoxf1z/download,,cf772ffb411b461ca9554d5c77dd8d8d,MP,,,2023-12-06T02:33:45.1303988+00:00,,,,,,,,,,,,,https://nwfwmd.aquaticinformatics.net/AQUARIUS/apps/v1/attachments/3s1xoys4f71j1q3u23weoxf1z/download
008466,Image,None,008466_20231009_LowWater_1_MP.jpg,8b01c76cf1364f19abd0d52d13ed0541,2023-11-30T20:27:46.3830000+00:00,2023-11-30T21:05:08.8119695+00:00,k_price,MP#d3ebaee3542d45f9809e605b0e62630c,../../apps/v1/attachments/6o3wymho6pq6zen21xljf9do7/download,,cf772ffb411b461ca9554d5c77dd8d8d,MP,,,2023-12-06T02:33:46.3753229+00:00,,,,,,,,,,,,,https://nwfwmd.aquaticinformatics.net/AQUARIUS/apps/v1/attachments/6o3wymho6pq6zen21xljf9do7/download
008466,Image,None,008466_AlumAng_MP.jpg,4bfcfec0e93846a3996ad3d8b5e63d2d,2023-11-30T20:56:36.5380000+00:00,2023-11-30T21:04:07.7589010+00:00,k_price,MP#da265e2b234e459da0cf756749c7afee,../../apps/v1/attachments/bqzed43pne8g7qy6rkvkdgb2o/download,,cf772ffb411b461ca9554d5c77dd8d8d,MP,,,2023-12-06T02:33:47.6237293+00:00,,,,,,,,,,,,,https://nwfwmd.aquaticinformatics.net/AQUARIUS/apps/v1/attachments/bqzed43pne8g7qy6rkvkdgb2o/download
008466,Image,None,008466_20230815_AlumAngle_2_MP.jpg,cb82e4c7ca5641289f271c828e40ceec,2023-11-30T20:51:39.5250000+00:00,2023-11-30T21:04:07.3272135+00:00,k_price,MP#da265e2b234e459da0cf756749c7afee,../../apps/v1/attachments/346blj5racrwworabzb61ffgt/download,,cf772ffb411b461ca9554d5c77dd8d8d,MP,,,2023-12-06T02:33:49.7652526+00:00,,,,,,,,,,,,,https://nwfwmd.aquaticinformatics.net/AQUARIUS/apps/v1/attachments/346blj5racrwworabzb61ffgt/download
008466,Image,None,008466_20230815_ChSq_2_MP.jpg,eebff0e3c18c4cf1a4dca2890101290c,2023-11-30T20:51:39.5250000+00:00,2023-11-30T21:03:54.9344980+00:00,k_price,MP#90902fe9592f464f9a8229f8bd7b8618,../../apps/v1/attachments/2kwovlo6cb4c1ws5x8tvw9stq/download,,cf772ffb411b461ca9554d5c77dd8d8d,MP,,,2023-12-06T02:33:51.5856087+00:00,,,,,,,,,,,,,https://nwfwmd.aquaticinformatics.net/AQUARIUS/apps/v1/attachments/2kwovlo6cb4c1ws5x8tvw9stq/download
008466,Image,LocationPhoto,008466_SITE.jpg,ac44c71c60f54999b1fb0ae895b1dbf2,2023-07-19T16:22:24.9650000+00:00,2023-07-19T16:52:10.2272107+00:00,k_price,,../../apps/v1/attachments/cfrtj3ew88asxr1s03stv012f/download,,3155565e97f04240872d1e58e8582c78,Site Photo,,,2023-12-06T02:33:54.2220489+00:00,,,,,,,,,,,,,https://nwfwmd.aquaticinformatics.net/AQUARIUS/apps/v1/attachments/cfrtj3ew88asxr1s03stv012f/download
003785,Image,LocationPhoto,003785_20230324_SITE.jpeg,ea9c86722702458ca03bd8d0cd0736f8,2023-07-18T19:11:08.4340000+00:00,2023-07-18T19:14:26.2902745+00:00,k_price,,../../apps/v1/attachments/3tj0kmes9m4z7f81m8z3xt02g/download,,3155565e97f04240872d1e58e8582c78,Site Photo,,,2023-12-06T02:33:56.4114121+00:00,,,,,,,,,,,,,https://nwfwmd.aquaticinformatics.net/AQUARIUS/apps/v1/attachments/3tj0kmes9m4z7f81m8z3xt02g/download
003785,Image,None,003785_20230324_MP.jpg,9cf054b90ac140da92cf553f8fef8564,2023-07-18T19:11:08.3990000+00:00,2023-07-18T19:14:24.6661187+00:00,k_price,,../../apps/v1/attachments/5mgwldd4adxlj7i5hzrtcwzz5/download,,cf772ffb411b461ca9554d5c77dd8d8d,MP,,,2023-12-06T02:33:57.8404632+00:00,,,,,,,,,,,,,https://nwfwmd.aquaticinformatics.net/AQUARIUS/apps/v1/attachments/5mgwldd4adxlj7i5hzrtcwzz5/download
008469,Image,None,008469_20230821_MP.jpg,84c5cdd3b2ef4d69beac23a1c4d25fe4,2023-11-30T21:11:52.0910000+00:00,2023-11-30T21:13:56.2243298+00:00,k_price,MP#b733166322df45dfa39b71f31063eae4,../../apps/v1/attachments/62hqk32um2w71ydfq8xsqxani/download,,cf772ffb411b461ca9554d5c77dd8d8d,MP,,,2023-12-06T02:33:58.9219395+00:00,,,,,,,,,,,,,https://nwfwmd.aquaticinformatics.net/AQUARIUS/apps/v1/attachments/62hqk32um2w71ydfq8xsqxani/download
008469,Image,None,008469_20230821_SITE.jpg,ee6184a9866f4ef6b7d48200b925e909,2023-11-30T21:11:43.1880000+00:00,2023-11-30T21:13:54.3138748+00:00,k_price,,../../apps/v1/attachments/5naazo2d9ymogovdgg00wye0r/download,,3155565e97f04240872d1e58e8582c78,Site Photo,,,2023-12-06T02:34:00.5178056+00:00,,,,,,,,,,,,,https://nwfwmd.aquaticinformatics.net/AQUARIUS/apps/v1/attachments/5naazo2d9ymogovdgg00wye0r/download
008469,Image,None,008469_SITE.jpg,2eaa59006bcc49848bca77785545e1e3,2023-07-19T16:22:25.1010000+00:00,2023-07-19T16:54:33.1141440+00:00,k_price,,../../apps/v1/attachments/cj03u1vzeobbp5k112e50l9v0/download,,3155565e97f04240872d1e58e8582c78,Site Photo,,,2023-12-06T02:34:02.6521440+00:00,,,,,,,,,,,,,https://nwfwmd.aquaticinformatics.net/AQUARIUS/apps/v1/attachments/cj03u1vzeobbp5k112e50l9v0/download
008469,Image,LocationPhoto,008469_MP.jpg,50fd65bdf314488c973ec9de9bfad1f8,2023-07-19T16:22:25.0480000+00:00,2023-07-19T16:54:32.4765634+00:00,k_price,MP#b733166322df45dfa39b71f31063eae4,../../apps/v1/attachments/5tqv4y6e6i6xh411pla02lcb2/download,,cf772ffb411b461ca9554d5c77dd8d8d,MP,,,2023-12-06T02:34:04.2834463+00:00,,,,,,,,,,,,,https://nwfwmd.aquaticinformatics.net/AQUARIUS/apps/v1/attachments/5tqv4y6e6i6xh411pla02lcb2/download
008471,Image,None,008471_20230816_2_SITE.jpg,793534f1315244b3ac0e21258af895b2,2023-11-30T21:17:19.4070000+00:00,2023-11-30T21:19:45.1719276+00:00,k_price,,../../apps/v1/attachments/8mc5ppmejob2uylj0tp7fuyyc/download,,3155565e97f04240872d1e58e8582c78,Site Photo,,,2023-12-06T02:34:07.1381820+00:00,,,,,,,,,,,,,https://nwfwmd.aquaticinformatics.net/AQUARIUS/apps/v1/attachments/8mc5ppmejob2uylj0tp7fuyyc/download
008471,Image,None,008471_20230816_MP.jpg,d6193827c04442199e21a73f9c4b5a74,2023-11-30T21:17:19.0780000+00:00,2023-11-30T21:19:44.3678012+00:00,k_price,MP#55fd198c2e2b43c18b2c7556a6d55e2f,../../apps/v1/attachments/5ctmfzmu9tb19eyyk02o905c1/download,,cf772ffb411b461ca9554d5c77dd8d8d,MP,,,2023-12-06T02:34:09.0918522+00:00,,,,,,,,,,,,,https://nwfwmd.aquaticinformatics.net/AQUARIUS/apps/v1/attachments/5ctmfzmu9tb19eyyk02o905c1/download
008471,Image,LocationPhoto,008471_MP.jpg,790f5fcb70864c6ab338db47bebe2d19,2023-07-19T16:22:25.1620000+00:00,2023-07-19T16:57:17.1768493+00:00,k_price,MP#55fd198c2e2b43c18b2c7556a6d55e2f,../../apps/v1/attachments/v4kx31bl9qtd8v50tlw1034f/download,,cf772ffb411b461ca9554d5c77dd8d8d,MP,,,2023-12-06T02:34:10.5466835+00:00,,,,,,,,,,,,,https://nwfwmd.aquaticinformatics.net/AQUARIUS/apps/v1/attachments/v4kx31bl9qtd8v50tlw1034f/download
008471,Image,None,008471_SITE.jpg,e43d06ad968a4579a9f78eacaddd646c,2023-07-19T16:22:25.1850000+00:00,2023-07-19T16:57:16.9550173+00:00,k_price,,../../apps/v1/attachments/70e3ngug2x84tqgkk5gyue0vi/download,,3155565e97f04240872d1e58e8582c78,Site Photo,,,2023-12-06T02:34:12.4871821+00:00,,,,,,,,,,,,,https://nwfwmd.aquaticinformatics.net/AQUARIUS/apps/v1/attachments/70e3ngug2x84tqgkk5gyue0vi/download
008479,Image,None,008479_20230821_Staff_2_MP.jpg,edda040ff82146e9b67f1286ee8a2471,2023-11-30T21:43:50.8000000+00:00,2023-11-30T21:45:36.2444601+00:00,k_price,MP#8908c66262b44c5c9e135003f3a5e05f,../../apps/v1/attachments/3ptngirkhq2z7w4150fcwwsno/download,,cf772ffb411b461ca9554d5c77dd8d8d,MP,,,2023-12-06T02:34:13.6157933+00:00,,,,,,,,,,,,,https://nwfwmd.aquaticinformatics.net/AQUARIUS/apps/v1/attachments/3ptngirkhq2z7w4150fcwwsno/download
008479,Image,None,008479_20230821_Staff_MP.jpg,a60ba02f35a848278597b3e96c488ef3,2023-11-30T21:30:03.4810000+00:00,2023-11-30T21:39:19.0913728+00:00,k_price,MP#8908c66262b44c5c9e135003f3a5e05f,../../apps/v1/attachments/c2nkhkuqgwzep4o2qgqfk41je/download,,cf772ffb411b461ca9554d5c77dd8d8d,MP,,,2023-12-06T02:34:15.1434671+00:00,,,,,,,,,,,,,https://nwfwmd.aquaticinformatics.net/AQUARIUS/apps/v1/attachments/c2nkhkuqgwzep4o2qgqfk41je/download
008479,Image,None,008479_20230821_Pipe_MP.jpg,ada3ea9973e0461c8dca8d82c0f42f0f,2023-11-30T21:30:03.3880000+00:00,2023-11-30T21:39:01.9294813+00:00,k_price,MP#8cc401daf7624e24baa6bb99de2c048d,../../apps/v1/attachments/5cepuj0vp0zq9rnzb4xxwfphh/download,,cf772ffb411b461ca9554d5c77dd8d8d,MP,,,2023-12-06T02:34:16.8469211+00:00,,,,,,,,,,,,,https://nwfwmd.aquaticinformatics.net/AQUARIUS/apps/v1/attachments/5cepuj0vp0zq9rnzb4xxwfphh/download
008479,Image,None,008479_20230821_3_SITE.jpg,0c7e9244262c43d7b6b012fdd1b3e362,2023-11-30T21:30:03.7160000+00:00,2023-11-30T21:38:39.7780020+00:00,k_price,,../../apps/v1/attachments/diljq71f5jvv9zyc6qgl7b1h0/download,,3155565e97f04240872d1e58e8582c78,Site Photo,,,2023-12-06T02:34:18.1391143+00:00,,,,,,,,,,,,,https://nwfwmd.aquaticinformatics.net/AQUARIUS/apps/v1/attachments/diljq71f5jvv9zyc6qgl7b1h0/download
008479,Image,None,008479_20230821_2_SITE.jpg,0c748445696f469fa3d27736107c4ab2,2023-11-30T21:30:05.6530000+00:00,2023-11-30T21:38:35.2835079+00:00,k_price,,../../apps/v1/attachments/20etg66nnfy9q4isbdq9jiicx/download,,3155565e97f04240872d1e58e8582c78,Site Photo,,,2023-12-06T02:34:20.1235733+00:00,,,,,,,,,,,,,https://nwfwmd.aquaticinformatics.net/AQUARIUS/apps/v1/attachments/20etg66nnfy9q4isbdq9jiicx/download
008479,Image,None,008479_20230821_Access3_SITE.jpg,0fcf0739ffa2459bbe93df998cfa6f59,2023-11-30T21:30:05.9190000+00:00,2023-11-30T21:38:16.5836646+00:00,k_price,,../../apps/v1/attachments/akhmiw42tcdf91a7lrx7l3p5w/download,,3155565e97f04240872d1e58e8582c78,Site Photo,,,2023-12-06T02:34:22.8706523+00:00,,,,,,,,,,,,,https://nwfwmd.aquaticinformatics.net/AQUARIUS/apps/v1/attachments/akhmiw42tcdf91a7lrx7l3p5w/download
008479,Image,None,008479_20230821_Access2_SITE.jpg,3e7d4a5c2c67488f9a6828ee600e44bb,2023-11-30T21:30:04.2630000+00:00,2023-11-30T21:38:12.0199945+00:00,k_price,,../../apps/v1/attachments/d3bgfa6a0wyou6clski81vkh4/download,,3155565e97f04240872d1e58e8582c78,Site Photo,,,2023-12-06T02:34:24.8678505+00:00,,,,,,,,,,,,,https://nwfwmd.aquaticinformatics.net/AQUARIUS/apps/v1/attachments/d3bgfa6a0wyou6clski81vkh4/download
008479,Image,None,008479_20230821_Access_SITE.jpg,14b6fb76958f4c6eb36c2dd2a812b104,2023-11-30T21:30:06.3410000+00:00,2023-11-30T21:38:04.3754105+00:00,k_price,,../../apps/v1/attachments/777bmy7u6zbs92ed8r054i241/download,,3155565e97f04240872d1e58e8582c78,Site Photo,,,2023-12-06T02:34:27.0173251+00:00,,,,,,,,,,,,,https://nwfwmd.aquaticinformatics.net/AQUARIUS/apps/v1/attachments/777bmy7u6zbs92ed8r054i241/download
008479,Image,None,008479_SITE.jpg,2c3ff5995c924977a7fc7286958f0f95,2023-11-30T21:28:43.8700000+00:00,2023-11-30T21:37:59.7002393+00:00,k_price,,../../apps/v1/attachments/542x203cnve05nugli50bzwl3/download,,3155565e97f04240872d1e58e8582c78,Site Photo,,,2023-12-06T02:34:28.8883445+00:00,,,,,,,,,,,,,https://nwfwmd.aquaticinformatics.net/AQUARIUS/apps/v1/attachments/542x203cnve05nugli50bzwl3/download
012688,Image,LocationPhoto,012688_SITE.jpg,c4efd78c4d7b45f59721d36338b8e9d6,2023-07-19T16:22:26.6510000+00:00,2023-07-19T17:46:28.3197710+00:00,k_price,,../../apps/v1/attachments/1pr2qjkt1zx6q5dc51bbyu6bn/download,,3155565e97f04240872d1e58e8582c78,Site Photo,,,2023-12-06T02:34:30.2604135+00:00,,,,,,,,,,,,,https://nwfwmd.aquaticinformatics.net/AQUARIUS/apps/v1/attachments/1pr2qjkt1zx6q5dc51bbyu6bn/download
012688,Image,LocationPhoto,012688_MP.jpg,43313d24cebb4b8ba19850dde53f5a63,2023-07-19T17:45:43.0620000+00:00,2023-07-19T17:46:26.6681112+00:00,k_price,,../../apps/v1/attachments/8j8qgys7s6wnueoovxtjbmke9/download,,cf772ffb411b461ca9554d5c77dd8d8d,MP,,,2023-12-06T02:34:32.2908113+00:00,,,,,,,,,,,,,https://nwfwmd.aquaticinformatics.net/AQUARIUS/apps/v1/attachments/8j8qgys7s6wnueoovxtjbmke9/download
012949,Image,LocationPhoto,012949_012796_20230328_MP.png,64091e6fc57c4d709f73fb572c5981e7,2023-07-19T16:11:05.7230000+00:00,2023-07-19T16:13:22.3379728+00:00,k_price,MP#52d97ec9bd254d60869924348dbf1042,../../apps/v1/attachments/all8afztgxvnpsgz1ttco4296/download,,cf772ffb411b461ca9554d5c77dd8d8d,MP,,,2023-12-06T02:34:33.5056689+00:00,,,,,,,,,,,,,https://nwfwmd.aquaticinformatics.net/AQUARIUS/apps/v1/attachments/all8afztgxvnpsgz1ttco4296/download
008484,Image,None,008484_20230823_FromCreek_SITE.jpg,c636e56f4223494c9f2ca583018d698e,2023-11-30T14:28:55.0740000+00:00,2023-11-30T14:39:53.8350635+00:00,k_price,,../../apps/v1/attachments/ahh9rh2e06an7adws0859pfms/download,,3155565e97f04240872d1e58e8582c78,Site Photo,,,2023-12-06T02:34:36.7272325+00:00,,,,,,,,,,,,,https://nwfwmd.aquaticinformatics.net/AQUARIUS/apps/v1/attachments/ahh9rh2e06an7adws0859pfms/download
008484,Image,None,008484_20230823_SITE .jpg,364b909773ce4ef88c6776887a6a1c3d,2023-11-30T14:28:32.7820000+00:00,2023-11-30T14:39:52.9193633+00:00,k_price,,../../apps/v1/attachments/6uphcftufrpy9ayu5fn2v4rxj/download,,3155565e97f04240872d1e58e8582c78,Site Photo,,,2023-12-06T02:34:38.4579671+00:00,,,,,,,,,,,,,https://nwfwmd.aquaticinformatics.net/AQUARIUS/apps/v1/attachments/6uphcftufrpy9ayu5fn2v4rxj/download
008484,Image,None,008484_20230823_ChSq_MP.jpg,1cbcad769b1d443088f9d471c91a2408,2023-11-30T14:27:35.0960000+00:00,2023-11-30T14:39:52.8659788+00:00,k_price,MP#cf4bab059ed7415f971c4a3e5eed907b,../../apps/v1/attachments/bqiwtr55pn9z2o14u96v1xsj5/download,,cf772ffb411b461ca9554d5c77dd8d8d,MP,,,2023-12-06T02:34:40.5238521+00:00,,,,,,,,,,,,,https://nwfwmd.aquaticinformatics.net/AQUARIUS/apps/v1/attachments/bqiwtr55pn9z2o14u96v1xsj5/download
008484,Image,None,008484_20230823_AlumAng_MP.jpg,0daa2fce9e4546a1ad8a73171a7ad19e,2023-11-30T14:28:00.7910000+00:00,2023-11-30T14:39:52.3549298+00:00,k_price,MP#3416630ccfaf48fdbe103545063ed918,../../apps/v1/attachments/6yhcx2xduheutirdn0pmz0f0d/download,,cf772ffb411b461ca9554d5c77dd8d8d,MP,,,2023-12-06T02:34:42.2962145+00:00,,,,,,,,,,,,,https://nwfwmd.aquaticinformatics.net/AQUARIUS/apps/v1/attachments/6yhcx2xduheutirdn0pmz0f0d/download
008484,Image,None,008484_SITE.jpg,5686bdbda3a149e7b0f6ffcb794d4cc3,2023-07-19T16:22:25.5230000+00:00,2023-07-19T17:03:19.6194525+00:00,k_price,,../../apps/v1/attachments/7k5uau661lrp9jsa54k8t91g8/download,,3155565e97f04240872d1e58e8582c78,Site Photo,,,2023-12-06T02:34:43.8363028+00:00,,,,,,,,,,,,,https://nwfwmd.aquaticinformatics.net/AQUARIUS/apps/v1/attachments/7k5uau661lrp9jsa54k8t91g8/download
008484,Image,LocationPhoto,008484_MP.jpg,885f7db5895e4a5c85704b4001b2d543,2023-07-19T16:22:25.4600000+00:00,2023-07-19T17:03:19.1266690+00:00,k_price,MP#48c05c448543469ab03a66c394fb95f3,../../apps/v1/attachments/82mh3oktphbzuhuweykdkz2rf/download,,cf772ffb411b461ca9554d5c77dd8d8d,MP,,,2023-12-06T02:34:45.6488697+00:00,,,,,,,,,,,,,https://nwfwmd.aquaticinformatics.net/AQUARIUS/apps/v1/attachments/82mh3oktphbzuhuweykdkz2rf/download
004359,Image,LocationPhoto,004359_20230321_MP.png,98773b0e0f4a4566b0d97694591c24a8,2023-07-19T15:13:57.2680000+00:00,2023-07-19T15:14:41.2921814+00:00,k_price,,../../apps/v1/attachments/3vssq2d3ipsvjxb0d9yqa67ya/download,,cf772ffb411b461ca9554d5c77dd8d8d,MP,,,2023-12-06T02:34:47.4083297+00:00,,,,,,,,,,,,,https://nwfwmd.aquaticinformatics.net/AQUARIUS/apps/v1/attachments/3vssq2d3ipsvjxb0d9yqa67ya/download
004359,Image,LocationPhoto,004359_20230321_SITE_2.JPG,45972b50ed0040e0b3d0442c91dde660,2023-07-18T19:11:08.8050000+00:00,2023-07-19T15:14:40.2591645+00:00,k_price,,../../apps/v1/attachments/5t23szciamh3wfxu0yl8okos6/download,,3155565e97f04240872d1e58e8582c78,Site Photo,,,2023-12-06T02:34:50.9793768+00:00,30.646002777777777,-84.41661111111112,,,,,,,,,,,https://nwfwmd.aquaticinformatics.net/AQUARIUS/apps/v1/attachments/5t23szciamh3wfxu0yl8okos6/download
004359,Image,LocationPhoto,004359_20230321_SITE.JPG,e8034851f7fb4c99a98a53d40ee64c9a,2023-07-18T19:11:08.7510000+00:00,2023-07-19T15:14:40.1178421+00:00,k_price,,../../apps/v1/attachments/bn2ybivmv061wd6wob9w40lgk/download,,3155565e97f04240872d1e58e8582c78,Site Photo,,,2023-12-06T02:34:52.6539180+00:00,30.646119444444444,-84.41660277777778,,,,,,,,,,,https://nwfwmd.aquaticinformatics.net/AQUARIUS/apps/v1/attachments/bn2ybivmv061wd6wob9w40lgk/download
007736,Image,None,007736_20230822_MP.jpg,0e1f0097478140b48a4dfb6bcf125462,2023-11-30T19:00:50.2860000+00:00,2023-11-30T19:03:22.7065656+00:00,k_price,MP#fd5ce26eeda844f99dd1ec56b586b732,../../apps/v1/attachments/e8d8e9asmo2ei66xl2pq7noxg/download,,cf772ffb411b461ca9554d5c77dd8d8d,MP,,,2023-12-06T02:34:54.6065336+00:00,,,,,,,,,,,,,https://nwfwmd.aquaticinformatics.net/AQUARIUS/apps/v1/attachments/e8d8e9asmo2ei66xl2pq7noxg/download
007736,Image,None,007736_20230822_SITE.jpg,5da4362b1da04553bf5207c3d5b6d0f6,2023-11-30T19:01:00.0460000+00:00,2023-11-30T19:03:21.9305439+00:00,k_price,,../../apps/v1/attachments/evsjqerabr62h6euqb079pil8/download,,3155565e97f04240872d1e58e8582c78,Site Photo,,,2023-12-06T02:34:56.4290813+00:00,,,,,,,,,,,,,https://nwfwmd.aquaticinformatics.net/AQUARIUS/apps/v1/attachments/evsjqerabr62h6euqb079pil8/download
008099,Image,None,008099_Nail_in_Tree_MP.jpg,f1950d680dd640139119523334324eb2,2023-08-16T14:59:38.1230000+00:00,2023-08-16T15:01:36.0757998+00:00,k_price,,../../apps/v1/attachments/5ux1fkqcqau4ujypv7gnpywvv/download,,cf772ffb411b461ca9554d5c77dd8d8d,MP,,,2023-12-06T02:34:58.2627656+00:00,,,,,,,,,,,,,https://nwfwmd.aquaticinformatics.net/AQUARIUS/apps/v1/attachments/5ux1fkqcqau4ujypv7gnpywvv/download
008099,Image,LocationPhoto,008099_station.jpg,dfc7a22ef2a14ef5b678d0d5f6a47e05,2022-10-26T12:43:05.4820000+00:00,2022-10-26T13:08:45.1177953+00:00,k_price,,../../apps/v1/attachments/96tpps7yksmx2sr9f3wdngr0d/download,,cf772ffb411b461ca9554d5c77dd8d8d,MP,3155565e97f04240872d1e58e8582c78,Site Photo,2023-12-06T02:35:00.0464066+00:00,30.41185,-85.5394944444444,,,,,,,,,,,https://nwfwmd.aquaticinformatics.net/AQUARIUS/apps/v1/attachments/96tpps7yksmx2sr9f3wdngr0d/download
008474,Image,None,008474_MP.jpg,e0110316d7ab4eb09702a0ae2b023be3,2023-11-30T21:22:05.4610000+00:00,2023-11-30T21:26:46.6435665+00:00,k_price,MP#75de6ee845744370bcc7d229df7fcec1,../../apps/v1/attachments/jn9krfbo18dlx4szf2fl9a2m/download,,cf772ffb411b461ca9554d5c77dd8d8d,MP,,,2023-12-06T02:35:01.9997275+00:00,,,,,,,,,,,,,https://nwfwmd.aquaticinformatics.net/AQUARIUS/apps/v1/attachments/jn9krfbo18dlx4szf2fl9a2m/download
008474,Image,None,008474_20230815_SITE.jpg,be81a2e55d8b4122b42acaca69e017ed,2023-11-30T21:25:15.8280000+00:00,2023-11-30T21:26:13.7819322+00:00,k_price,,../../apps/v1/attachments/5rqe5ltkn74vpv9n9fbnc1odl/download,,3155565e97f04240872d1e58e8582c78,Site Photo,,,2023-12-06T02:35:03.8541655+00:00,,,,,,,,,,,,,https://nwfwmd.aquaticinformatics.net/AQUARIUS/apps/v1/attachments/5rqe5ltkn74vpv9n9fbnc1odl/download
008474,Image,None,008474_20230815_MP.jpg,62bcc8fd48024ebb99204ede3abf3189,2023-11-30T21:25:15.5000000+00:00,2023-11-30T21:26:13.3785832+00:00,k_price,MP#75de6ee845744370bcc7d229df7fcec1,../../apps/v1/attachments/8egv18ltx93rqet87b4l5mczt/download,,cf772ffb411b461ca9554d5c77dd8d8d,MP,,,2023-12-06T02:35:05.8088628+00:00,,,,,,,,,,,,,https://nwfwmd.aquaticinformatics.net/AQUARIUS/apps/v1/attachments/8egv18ltx93rqet87b4l5mczt/download
008474,Image,LocationPhoto,008474_SITE.jpg,ca0d1cd468714a97b2be8a96d5884823,2023-07-19T16:22:25.3060000+00:00,2023-07-19T17:00:18.8078030+00:00,k_price,,../../apps/v1/attachments/a4fa599n91s70vkif1n9tvdy7/download,,3155565e97f04240872d1e58e8582c78,Site Photo,,,2023-12-06T02:35:07.7748287+00:00,,,,,,,,,,,,,https://nwfwmd.aquaticinformatics.net/AQUARIUS/apps/v1/attachments/a4fa599n91s70vkif1n9tvdy7/download
011284,Image,LocationPhoto,011284_SITE.jpg,d4494d6f4dba434898ac89ebac770cc3,2023-07-19T16:22:25.6610000+00:00,2023-07-19T17:06:34.6593695+00:00,k_price,,../../apps/v1/attachments/dfakr3n4rmf84e3xxl0w5flc6/download,,3155565e97f04240872d1e58e8582c78,Site Photo,,,2023-12-06T02:35:09.5249417+00:00,,,,,,,,,,,,,https://nwfwmd.aquaticinformatics.net/AQUARIUS/apps/v1/attachments/dfakr3n4rmf84e3xxl0w5flc6/download
011296,Image,LocationPhoto,011296_SITE2.jpg,3942a068febe436aba071feafd3950e7,2023-07-19T16:22:25.7290000+00:00,2023-07-19T17:09:40.5233190+00:00,k_price,,../../apps/v1/attachments/6jcsh1p7m62sop5hyrnr3c8ur/download,,3155565e97f04240872d1e58e8582c78,Site Photo,,,2023-12-06T02:35:10.6354099+00:00,,,,,,,,,,,,,https://nwfwmd.aquaticinformatics.net/AQUARIUS/apps/v1/attachments/6jcsh1p7m62sop5hyrnr3c8ur/download
011296,Image,None,011296_SITE.jpg,40f1746f4477487ca84fadc0f31c4d90,2023-07-19T16:22:25.6810000+00:00,2023-07-19T17:07:55.7943782+00:00,k_price,,../../apps/v1/attachments/adbf86iqlledxhblrlw3bjk3/download,,3155565e97f04240872d1e58e8582c78,Site Photo,,,2023-12-06T02:35:12.4301985+00:00,,,,,,,,,,,,,https://nwfwmd.aquaticinformatics.net/AQUARIUS/apps/v1/attachments/adbf86iqlledxhblrlw3bjk3/download
011299,Image,LocationPhoto,011299_SITE.jpg,db49af90f1534ca9a9abc621ecb63a36,2023-07-19T16:22:25.7600000+00:00,2023-07-19T17:10:44.7300718+00:00,k_price,,../../apps/v1/attachments/78g4jfwgp23cjbsrf4q6injqa/download,,3155565e97f04240872d1e58e8582c78,Site Photo,,,2023-12-06T02:35:13.3930766+00:00,,,,,,,,,,,,,https://nwfwmd.aquaticinformatics.net/AQUARIUS/apps/v1/attachments/78g4jfwgp23cjbsrf4q6injqa/download
012694,Image,None,012694_012693_012695_20230322_SITE.png,d25f61a2ba8c496b9a62b66f89b84fac,2023-07-19T15:55:31.5430000+00:00,2023-07-19T15:57:47.4712616+00:00,k_price,,../../apps/v1/attachments/bdprhsea7r2wxk9b6mwwae90i/download,,3155565e97f04240872d1e58e8582c78,Site Photo,,,2023-12-06T02:35:14.7703633+00:00,,,,,,,,,,,,,https://nwfwmd.aquaticinformatics.net/AQUARIUS/apps/v1/attachments/bdprhsea7r2wxk9b6mwwae90i/download
012694,Image,LocationPhoto,012694_20230321_MP.png,71f6af58b53f4e0c93de4d5d578fe26f,2023-07-19T15:54:28.4230000+00:00,2023-07-19T15:57:46.2778498+00:00,k_price,,../../apps/v1/attachments/eecy13bhxd8lkv46bss0v62yd/download,,cf772ffb411b461ca9554d5c77dd8d8d,MP,,,2023-12-06T02:35:22.0282330+00:00,,,,,,,,,,,,,https://nwfwmd.aquaticinformatics.net/AQUARIUS/apps/v1/attachments/eecy13bhxd8lkv46bss0v62yd/download
012694,Image,LocationPhoto,012694_012693_012695_20230322_SITE_2.JPG,1371322b23dc4cc29ada40460d24238a,2023-07-18T19:11:11.6680000+00:00,2023-07-19T15:57:45.0870607+00:00,k_price,,../../apps/v1/attachments/564an708sryt17uo5foz5j0wv/download,,3155565e97f04240872d1e58e8582c78,Site Photo,,,2023-12-06T02:35:25.2062197+00:00,30.51161111111111,-83.87669444444444,,,,,,,,,,,https://nwfwmd.aquaticinformatics.net/AQUARIUS/apps/v1/attachments/564an708sryt17uo5foz5j0wv/download
008351,Image,LocationPhoto,008351_20230322_MP.jpg,feadeaedd7a24d9394c55f68b50bd522,2023-07-18T19:11:10.1150000+00:00,2023-07-18T21:09:32.5538188+00:00,k_price,,../../apps/v1/attachments/66ivnb5vfkxhu0bpkpk24rmd/download,,cf772ffb411b461ca9554d5c77dd8d8d,MP,,,2023-12-06T02:35:27.4046077+00:00,,,,,,,,,,,,,https://nwfwmd.aquaticinformatics.net/AQUARIUS/apps/v1/attachments/66ivnb5vfkxhu0bpkpk24rmd/download
003413,Image,None,003413_20230322_MP.png,b57da02ab5b240a9ab536aafb8f3314d,2023-07-19T14:42:24.9030000+00:00,2023-07-19T14:43:19.5716052+00:00,k_price,,../../apps/v1/attachments/9ymql2h8qboixqxed4nzgylr6/download,,cf772ffb411b461ca9554d5c77dd8d8d,MP,,,2023-12-06T02:35:29.1223072+00:00,,,,,,,,,,,,,https://nwfwmd.aquaticinformatics.net/AQUARIUS/apps/v1/attachments/9ymql2h8qboixqxed4nzgylr6/download
003413,Image,LocationPhoto,003413_20230322_SITE.JPG,b7e4d5f4efba4e6baacf48ea3ec20c00,2023-07-18T19:11:07.4270000+00:00,2023-07-19T14:43:18.7352354+00:00,k_price,,../../apps/v1/attachments/b8koe3rujbbfc5wtnpcvbijbn/download,,3155565e97f04240872d1e58e8582c78,Site Photo,,,2023-12-06T02:35:32.4632613+00:00,30.522875,-84.02589444444445,,,,,,,,,,,https://nwfwmd.aquaticinformatics.net/AQUARIUS/apps/v1/attachments/b8koe3rujbbfc5wtnpcvbijbn/download
003413,Image,LocationPhoto,003413_20230322_SITE_2.JPG,6f7c8802e9b4407f9d1d646414d64571,2023-07-18T19:11:07.4800000+00:00,2023-07-19T14:43:17.4293647+00:00,k_price,,../../apps/v1/attachments/73n46lp6x4raaj73n11y46z2e/download,,3155565e97f04240872d1e58e8582c78,Site Photo,,,2023-12-06T02:35:34.9429514+00:00,30.530188888888887,-83.91976111111111,,,,,,,,,,,https://nwfwmd.aquaticinformatics.net/AQUARIUS/apps/v1/attachments/73n46lp6x4raaj73n11y46z2e/download
003402,Image,None,003402_20231106_MP.jpg,0db8f4a2031849c993acff31e7007583,2023-11-09T14:13:00.0000000+00:00,2024-01-31T21:24:35.3467802+00:00,k_price,MP#342122436788441f83acf54c7d2fb419,../../apps/v1/attachments/b98xjpep1unpwqeqvzb4veutf/download,,cf772ffb411b461ca9554d5c77dd8d8d,MP,,,,,,,,,,,,,,,,https://nwfwmd.aquaticinformatics.net/AQUARIUS/apps/v1/attachments/b98xjpep1unpwqeqvzb4veutf/download
009504,Image,None,009504_20230809_ SITE.jpeg,b43ded0c6f824cb7a7a24728f1086b8d,2023-08-10T20:57:19.9320000+00:00,2023-08-11T20:12:15.6967018+00:00,k_price,,../../apps/v1/attachments/bko44dzv3cwerg1s9af7x4kix/download,,3155565e97f04240872d1e58e8582c78,Site Photo,,,2023-12-06T02:35:36.6658911+00:00,,,,,,,,,,,,,https://nwfwmd.aquaticinformatics.net/AQUARIUS/apps/v1/attachments/bko44dzv3cwerg1s9af7x4kix/download
009504,Image,None,009504_20230809_MP.jpg,256444f34e8843fb90e0534671c6d6ae,2023-08-11T20:11:05.5840000+00:00,2023-08-11T20:12:15.6133376+00:00,k_price,,../../apps/v1/attachments/5on9327drmnu3z5hcnv7vp6u3/download,,cf772ffb411b461ca9554d5c77dd8d8d,MP,,,2023-12-06T02:35:38.4422489+00:00,,,,,,,,,,,,,https://nwfwmd.aquaticinformatics.net/AQUARIUS/apps/v1/attachments/5on9327drmnu3z5hcnv7vp6u3/download
011333,Image,LocationPhoto,011333_SITE.jpg,54ac9c67a5d245059e2e1d07fa354e63,2023-07-19T16:22:26.0610000+00:00,2023-07-19T17:18:34.3907998+00:00,k_price,,../../apps/v1/attachments/5y8bvgkvqx6tqh5sakn0hmzh1/download,,3155565e97f04240872d1e58e8582c78,Site Photo,,,2023-12-06T02:35:40.1677286+00:00,,,,,,,,,,,,,https://nwfwmd.aquaticinformatics.net/AQUARIUS/apps/v1/attachments/5y8bvgkvqx6tqh5sakn0hmzh1/download
007952,Image,None,007952_SITE.jpg,1b44609c9b084cd2aa976e249272fb5b,2023-07-19T16:22:24.4840000+00:00,2023-07-19T16:36:10.1457404+00:00,k_price,,../../apps/v1/attachments/2z8tl3sh4xn2dfv8vxh2r8mb9/download,,3155565e97f04240872d1e58e8582c78,Site Photo,,,2023-12-06T02:35:41.8782727+00:00,,,,,,,,,,,,,https://nwfwmd.aquaticinformatics.net/AQUARIUS/apps/v1/attachments/2z8tl3sh4xn2dfv8vxh2r8mb9/download
007952,Image,LocationPhoto,007952_MP.jpg,49b86d20a3fc44228c65137a271e6335,2023-07-19T16:22:24.4310000+00:00,2023-07-19T16:36:09.3592712+00:00,k_price,MP#135bd6d9760d4fefa3bccec9fc23c2f2,../../apps/v1/attachments/6q2s0nds4yv0kjydt5iv2osav/download,,cf772ffb411b461ca9554d5c77dd8d8d,MP,,,2023-12-06T02:35:43.8589718+00:00,,,,,,,,,,,,,https://nwfwmd.aquaticinformatics.net/AQUARIUS/apps/v1/attachments/6q2s0nds4yv0kjydt5iv2osav/download
